time,T_Nor,T_Sou,T_Eas,T_Wes,T_Cor,T_out,Q_sol
18144000.0,298.3269868950159,298.70214209014443,298.6911769511036,299.2100662064691,298.47243644120044,290.95,0.0
18147600.0,298.2753185540868,298.64498285041316,298.63541599065707,299.1453802190245,298.4603172812638,290.95,0.0
18151200.0,298.19712783084987,298.50405134062675,298.54000699683235,298.97139081037454,298.42610553107244,288.75,0.0
18154800.0,298.14260519335613,298.47045841389547,298.46719450450394,298.99088992357053,298.42277398840235,289.25,0.32042253521126757
18158400.0,298.1071279955221,298.41331875803405,298.40683464685134,298.9361842317936,298.4145848445512,288.75,8.156429316640585
18162000.0,298.14506614792725,298.4275196236213,298.4941087036794,298.92750531752154,298.4215088579553,289.84999999999997,77.98621632996633
18165600.0,296.93820959921993,297.18718306031764,297.19092472222314,297.5595676925121,296.8549192216936,293.15,197.26882836990598
18169200.0,296.9260229819063,297.15866683392426,297.2717744856015,297.4726430646872,296.7390857796561,295.95,311.3563387423935
18172800.0,297.59417888378596,297.8388507110097,297.9716631432042,298.0553036347751,297.3299366536403,297.04999999999995,473.2769607843137
18176400.0,297.92196059728275,298.2754001924851,298.4272527649118,298.32656315915744,297.58643812276824,298.75,693.089231004902
18180000.0,298.1493342795421,298.6555327372827,298.6343209153764,298.50604406130134,297.7398706653009,300.95,822.3402157738095
18183600.0,298.3362550326721,298.96531385103566,298.6876090061163,298.6517471694836,297.85835663344153,302.54999999999995,770.9397321428571
18187200.0,298.3852272023607,299.0838299111191,298.68729137563275,298.73736711213996,297.861971442069,302.04999999999995,708.4528779644269
18190800.0,298.7453046933242,299.4327841635246,298.95251411703225,299.2094464560155,298.18683538738213,301.45,676.0071914800176
18194400.0,298.86404488320136,299.5454097216078,299.029553093783,299.5576872205793,298.32178449103935,302.04999999999995,563.994191919192
18198000.0,298.96509550480437,299.569810026578,299.0976980575697,299.72582756262557,298.41097968995894,302.04999999999995,328.37032590051456
18201600.0,298.9842642359884,299.54862290281045,299.0737246462415,299.7560180855221,298.438311012978,302.04999999999995,182.56301354230067
18205200.0,298.6592064380101,299.1553415900461,298.71166342958173,299.4126456312091,298.0738019860565,301.45,89.37056150698123
18208800.0,298.21403880400703,298.66398158842185,298.22781124532224,298.92785429027066,297.6197321061478,299.84999999999997,14.507462686567166
18212400.0,299.6023540292097,299.98786626038407,299.7672364677113,300.21596164285154,299.22479630833067,298.75,0.0
18216000.0,299.57106057942093,299.93407308571665,299.7458142473272,300.1591747030643,299.2339676691218,297.54999999999995,0.0
18219600.0,299.52833480056853,299.8689689389954,299.7062067655665,300.09280707950904,299.2252552279814,297.04999999999995,0.0
18223200.0,299.45974678576385,299.78963247183253,299.64607657736,300.0158337687252,299.2057685137712,295.34999999999997,0.0
18226800.0,299.3907876516811,299.74688461515274,299.5882057144894,299.9438791392016,299.18710323231403,294.84999999999997,0.0
18230400.0,299.2937458850349,299.70789723826067,299.5130293642759,299.86572909682195,299.17250063784167,292.54999999999995,0.0
18234000.0,299.27040739116165,299.60790248548335,299.43987778497166,299.81674568305,299.15657911332266,294.25,0.0
18237600.0,299.2436594651981,299.5719181382051,299.43404235735335,299.77697484827127,299.1555617241179,294.25,0.0
18241200.0,299.2131703941467,299.60871759490385,299.43093575484676,299.7486193802113,299.1645095267081,293.75,0.7
18244800.0,299.1490751018073,299.5572034548453,299.38086670936354,299.695735637816,299.1587636946829,292.04999999999995,6.854347826086957
18248400.0,299.21618336486057,299.58740617415623,299.45999151032254,299.711275948112,299.1756196901039,294.84999999999997,89.03153003650847
18252000.0,297.87511353925316,298.15597967469284,298.15085877435433,298.2553766009596,297.5312791603002,297.04999999999995,276.28384044726374
18255600.0,297.84679917339014,298.13254221709553,298.44691205837563,298.19166347836705,297.47188523274656,297.54999999999995,466.84579893152016
18259200.0,298.5051466477058,298.85394986409756,299.3113112827718,298.80578005976133,298.12653158885456,299.84999999999997,643.6010412001791
18262800.0,298.82231580424445,299.29344987167855,299.6845622392755,299.08771789385565,298.3918298401263,301.45,778.8394634562518
18266400.0,299.02152396548115,299.6382653107721,299.80178199901076,299.2570333653349,298.53460737031935,302.54999999999995,862.715878928636
18270000.0,299.195854475523,299.95357317730986,299.8159108072193,299.4043538902012,298.6530306066621,303.75,889.7460031036848
18273600.0,299.2908501606256,300.11206930625605,299.8031216072165,299.57489144207926,298.681724271065,304.84999999999997,752.6785032554977
18277200.0,299.6333632632704,300.4080667311649,300.05459637368176,300.003364003927,298.9942683589096,304.25,601.5760827742106
18280800.0,299.7796716786196,300.47953412359766,300.1171547089452,300.1893144895559,299.10340379117594,301.45,444.7074420129498
18284400.0,299.8315265259632,300.4527187371574,300.1091716455782,300.2159108269979,299.13467952380336,302.54999999999995,282.496912289506
18288000.0,299.7794773064426,300.3716415011012,300.03893387876,300.1553810456409,299.12119306963143,299.84999999999997,172.7929474043716
18291600.0,299.40826944149,299.96268283169957,299.6349775578899,299.75074245479254,298.73737848058965,299.84999999999997,67.69118394308943
18295200.0,298.9079863868634,299.4397658976362,299.1169478778843,299.2159937921369,298.2633736020387,298.75,4.4390243902438975
18298800.0,300.3146669631234,300.827844153564,300.6778824365907,300.6201286455875,299.9356719097354,298.15,0.0
18302400.0,300.23150003751385,300.78926267941324,300.6458882152306,300.5741241666991,299.9464004547828,297.04999999999995,0.0
18306000.0,300.15422457101766,300.7305517530618,300.59345011983777,300.5145844859037,299.9370908976172,296.15,0.0
18309600.0,300.0697469282126,300.66286634335484,300.5312350584705,300.44720415959995,299.91971522741363,295.34999999999997,0.0
18313200.0,300.0176819430217,300.5886628268735,300.46549859218476,300.3359206965397,299.89437798290504,294.45,0.0
18316800.0,299.8770464073159,300.5245395702796,300.40040490916186,300.35434569318636,299.8839831684638,293.54999999999995,0.0
18320400.0,299.7819030302567,300.46044295317125,300.3446861344835,300.294660927808,299.87186989955495,292.65,0.0
18324000.0,299.6857048366637,300.4020503232396,300.28697504627104,300.2462110776611,299.8621191451841,291.84999999999997,0.0
18327600.0,299.6345975532823,300.3306071152689,300.22186370589185,300.1307943758024,299.8424608300028,290.95,0.0
18331200.0,299.5757108191115,300.2670141413708,300.1588948527142,300.1145555724252,299.8259333883772,290.95,5.879310344827586
18334800.0,299.66558412688005,300.26641417030584,300.2716893894998,300.1060465871805,299.84556771923553,291.45,106.02787528391494
18338400.0,298.4415772520832,298.8098453439777,298.89147332592,298.65035133176553,298.1571640139161,293.15,245.3117332901764
18342000.0,298.3544690035251,298.7281239718875,298.9014840471446,298.5631726249086,298.03961314855314,295.34999999999997,326.9579518293804
18345600.0,298.93691590704964,299.3148676254892,299.5681987670683,299.0997955150346,298.61090728572475,297.04999999999995,543.4051398337112
18349200.0,299.2036412034771,299.7360681522408,300.0446910801406,299.35194353933264,298.864212990973,298.75,813.9681249193444
18352800.0,299.3601598419157,300.0605629444333,300.1478970490451,299.4962426918732,298.98808246740776,299.84999999999997,900.4432419820887
18356400.0,299.4833133751324,300.3353001228928,300.1195276262092,299.60727533768875,299.07321925519454,300.34999999999997,917.3068508270586
18360000.0,299.4966669826325,300.4484314253467,300.0448919644512,299.6892927136635,299.0590985737727,300.34999999999997,715.3488266723156
18363600.0,299.7615901208462,300.6996114259423,300.228050864861,300.1136892880422,299.3203788186875,300.95,594.9772153423854
18367200.0,299.8497572377989,300.7748651518208,300.2605727077825,300.49640351666676,299.4281382593285,299.84999999999997,626.1883130081301
18370800.0,299.9523919743905,300.807690987973,300.312021317067,300.8912707218135,299.54820783394746,300.95,506.1697131490787
18374400.0,299.9875671283879,300.57525002097634,300.2976925422123,301.2651750249337,299.60550364889906,300.34999999999997,313.3950894825002
18378000.0,299.7327214803455,300.4176549032049,299.9662024135635,301.1135839952291,299.32966937403614,299.25,127.65037593984964
18381600.0,299.3228803780819,299.9239755120977,299.48282240382576,300.56977664232676,298.87214324288294,299.25,14.339504150283972
18385200.0,299.14392790103585,299.7233789691669,299.3103406971577,300.25299274349834,298.7434080094598,296.45,0.6307339449541287
18388800.0,298.891856865691,299.46106650798055,299.03762751263855,299.9108504600612,298.5389517187616,295.95,0.0
18392400.0,300.1266427102121,300.69444830433844,300.50056049099805,301.12772710188256,300.123582019332,292.04999999999995,0.0
18396000.0,300.13063841017055,300.76684745705205,300.54914896060797,301.1624112050391,300.21413025640294,292.04999999999995,0.0
18399600.0,300.0726664620909,300.6340865681255,300.49472550244127,301.035673047906,300.1942942229459,291.45,0.0
18403200.0,300.00876783962957,300.5569516506115,300.4297074036668,300.9418626094346,300.1747372048549,290.95,0.0
18406800.0,299.93755666891025,300.44239964690246,300.35796403048846,300.88133859866605,300.1566082935385,290.34999999999997,0.0
18410400.0,299.8969890539881,300.33528288418546,300.2995545123642,300.7666819305003,300.1319180302524,290.95,0.0
18414000.0,299.8369309770874,300.24546824645404,300.22490843294855,300.7104636762079,300.11503394780595,290.34999999999997,0.9268867924528301
18417600.0,299.8348014075335,300.3771161699129,300.23774385797236,300.72540379943604,300.1302222224776,291.45,17.596989612041554
18421200.0,299.98950050432666,300.4046084025199,300.67640097288063,300.7398301011531,300.1892436203493,291.45,134.4991499112951
18424800.0,298.5932450562071,298.95278293220883,299.4613170849463,299.20881964371574,298.4839869394412,294.84999999999997,321.8338285229202
18428400.0,298.5254287890968,298.89203162584334,299.7135700738937,299.11052872960676,298.4097385547076,297.04999999999995,512.2968336858805
18432000.0,299.1457328277454,299.5864315328143,300.4924112773036,299.6761894673133,299.0246226174514,299.84999999999997,685.7950294241277
18435600.0,299.4393428748854,300.0218933546308,300.8166846832784,299.9224289302472,299.26967526086923,300.34999999999997,817.2884315839923
18439200.0,299.62867652576915,300.235428364055,300.8772013782399,300.05984254778303,299.37570358860313,302.04999999999995,897.4954893561786
18442800.0,299.76578527882424,300.6657751095572,300.82169721660466,300.16188115538193,299.46979426817074,302.04999999999995,926.213952020202
18446400.0,299.80480961901657,300.83569123702426,300.7304177542129,300.2486946133905,299.46495490452446,302.54999999999995,895.3483120035304
18450000.0,300.0887102280867,301.1448282650011,300.90616798382484,300.74414559694617,299.75313152388463,302.54999999999995,807.9288625194774
18453600.0,300.1851951052645,300.70814524025394,300.8920585397749,301.1012856922856,299.7807110200298,302.54999999999995,671.2530864197531
18457200.0,300.1858456956348,301.01486292056984,300.3897638790578,300.25491097875965,299.66764777845447,302.54999999999995,496.67053620784964
18460800.0,300.3290476639498,301.1678736366011,300.90175088561205,301.750593244284,300.02474920933844,302.04999999999995,305.7999803613511
18464400.0,300.05614338948516,300.8037471642641,300.5434981758026,301.53965728711694,299.7027925811009,300.34999999999997,119.98120300751879
18468000.0,299.57756536797154,300.23737223595776,299.975957698069,300.47997531219147,299.1280290824264,299.25,12.07142857142857
18471600.0,299.3944713180325,300.05310562628983,299.7951149254734,300.52547474298126,299.0387277472791,297.54999999999995,0.0
18475200.0,300.3296785285433,300.8924940637471,300.7393427413589,301.3915498536071,300.2059993919079,296.45,0.0
18478800.0,300.61791741473553,301.16719734282776,301.17394030577145,301.6481475153262,300.59447759200145,296.45,0.0
18482400.0,299.0464516489309,299.6214429874066,299.37775938056313,299.99790154815395,298.794065433278,295.95,0.0
18486000.0,300.46751148945606,300.99214954064087,301.0213058413057,301.43563437765516,300.52366811943534,295.34999999999997,0.0
18489600.0,300.44771007243827,300.9604704799235,301.009159473292,301.4035943647013,300.5462868083238,294.84999999999997,0.0
18493200.0,298.84502515188626,299.40115867903023,299.13245162799956,299.6885328032328,298.6890665003398,294.84999999999997,0.0
18496800.0,300.2234343254126,300.6824107262022,300.73841185873573,301.03422548875005,300.36205883480835,294.25,0.0
18500400.0,300.22849345309464,300.68830840930394,300.75233455784513,301.09776457325364,300.4050966570663,294.84999999999997,0.2926829268292682
18504000.0,300.2283966452068,300.6371245225012,300.75020155091585,301.06763685073946,300.4129246935631,294.84999999999997,17.198842496899545
18507600.0,300.37594279220343,300.7267654016547,300.98367487057993,301.0453398986568,300.45804785185027,295.95,114.32782941498087
18511200.0,298.9072148995406,299.2839534497269,299.5714828638733,299.5126827867311,298.70320260636595,298.15,295.868956849602
18514800.0,298.87609094745454,299.2595660354923,299.82430366614335,299.44337249700305,298.63733679385535,299.84999999999997,455.52505038065385
18518400.0,299.5232560387243,299.9674943529103,300.3396907450163,300.01103875839584,299.2341194209357,301.45,587.6152461784571
18522000.0,299.81157599772865,300.20719854740514,300.85846044185473,300.2502463809778,299.47188805971336,302.54999999999995,714.2867763679619
18525600.0,300.03059404151537,300.6922429035589,300.97591140598905,300.4471489233384,299.62356921210494,303.75,763.1826923076923
18529200.0,300.18814799202,301.00056935694164,300.96834689428766,300.53842384708844,299.7208215165572,303.75,803.4269230769231
18532800.0,300.2488066381025,301.1431724027768,300.9151229354007,300.6408543318005,299.7251913348623,303.75,850.0284722222223
18536400.0,300.56706735476985,301.5185643785892,301.1386125537731,301.1234999149378,300.04065229828853,304.84999999999997,718.5361956744567
18540000.0,300.69252499421856,301.602419394271,301.19084056003106,301.425667624466,300.15487952921904,304.84999999999997,574.350957103321
18543600.0,300.77899679407005,301.6129442499546,301.00907164385177,301.7038739043443,300.21969500257956,304.84999999999997,436.87723214285717
18547200.0,300.7782174236592,301.2682579194312,300.62362184383886,301.7749588800122,300.1674673383077,303.75,265.4618725868726
18550800.0,300.4232207693229,300.636165659269,300.66890197350597,300.84303198267486,299.72140309735096,303.75,104.60873180873182
18554400.0,300.01046662228003,300.57921001675675,300.2507461621179,300.8747542723958,299.4148493358391,302.54999999999995,7.41153846153847
18558000.0,299.81545560016536,300.411399240723,300.0801367197074,300.6352896037702,299.28811553568437,302.54999999999995,0.0
18561600.0,301.2583603483052,301.7225047187343,301.614887059722,301.94574347218844,300.94209121557003,299.25,0.0
18565200.0,299.77977787166276,300.2853049524293,300.03295979604303,300.48631633604424,299.2996542678237,298.75,0.0
18568800.0,301.1738546594497,301.5580221803331,301.5082244317882,301.80846892071935,300.9047904271341,298.75,0.0
18572400.0,300.44884341312115,300.859979115037,300.7401168149247,301.05816529226485,300.07313656679867,299.25,0.0
18576000.0,299.49663169587257,299.9162363874656,299.62389849549584,300.0569503625111,299.05818866687696,299.25,0.0
18579600.0,299.92627284566896,300.40402148878263,300.1794851782238,300.4804565872663,299.6537956516572,296.45,0.0
18583200.0,300.7184460526784,301.11610316074825,300.9979061351919,301.1585542608931,300.5430454927562,297.54999999999995,0.0
18586800.0,300.81839324564527,301.20018620157947,301.08692250408654,301.2210348155561,300.64910711034355,297.54999999999995,0.0
18590400.0,300.82367787897704,301.1834917549238,301.0864317069855,301.233704409037,300.6725633869938,297.04999999999995,10.2953431372549
18594000.0,300.10088003568154,300.4366101926263,300.3198925644208,300.5355533159589,299.8097906156269,297.04999999999995,62.80361519607843
18597600.0,299.1216450398864,299.4539107195688,299.1570031970548,299.4985002972909,298.7537275295829,296.45,91.43736645299145
18601200.0,298.99582131609225,299.3104177240838,299.0038986391181,299.3673395094659,298.61314086940496,297.54999999999995,154.27342364134816
18604800.0,299.58020186925177,299.86822675199295,299.5552411638424,299.8943259307894,299.14969127127756,299.25,265.1211026361568
18608400.0,299.8461481565074,300.12066224505674,299.8063801530277,300.1203057292855,299.3331788169287,300.34999999999997,330.0610441980156
18612000.0,300.0450391903116,300.31259493860205,299.98125900344394,300.29385174803264,299.440029577044,302.54999999999995,386.2927868190795
18615600.0,300.2133760502316,300.53821905690506,300.1174713372696,300.4083337106564,299.5347661099972,303.15,628.7680702126531
18619200.0,300.2573678729979,300.82571098092905,300.1409478144065,300.52251910867307,299.56731449483806,303.75,837.9394449598552
18622800.0,300.47414148780007,300.35765398170065,300.3244235685136,300.87941368238467,299.72792888715264,303.75,625.548225632139
18626400.0,300.5590057800417,301.1040289047381,300.387871339908,300.2494166434155,299.80133656641283,304.25,523.9741670197906
18630000.0,300.2422709357796,301.12011303710796,300.42712149451324,300.46333396165306,299.82835002878653,304.25,429.1507609718302
18633600.0,300.202190359347,301.16469795518583,300.49930705872333,301.55321285853523,300.02544758693125,304.25,238.75095347063308
18637200.0,300.3345728484368,300.24934798453063,300.1300022603147,301.1938074582966,299.6384520233848,303.15,86.30420127015144
18640800.0,299.8978315734989,300.25608181272514,299.66875147964066,300.6754423879849,299.24618779209914,302.04999999999995,10.959372430802954
18644400.0,299.992560832601,300.3408774808488,299.76015308628746,300.6916103712266,299.3864838064421,301.45,0.3201219512195127
18648000.0,300.3929642145364,300.67184680255474,299.8013851012379,301.0049259152676,299.8374473476335,300.95,0.0
18651600.0,301.11894547917086,301.4325810296836,301.08306634964646,301.68782731721956,300.75410132786254,301.45,0.0
18655200.0,300.5160060213467,300.8080230000521,300.4307979723625,301.0665235920771,300.03878068644167,301.45,0.0
18658800.0,299.3301627492539,299.67822652657037,299.12236223337874,299.87641028805706,298.87925350409256,294.84999999999997,0.0
18662400.0,300.5117638596578,301.0504739349665,300.43774415350396,301.2887635834069,300.56007529632234,293.15,0.0
18666000.0,300.4279734166514,301.0582766008222,300.5418782393477,301.2743240392397,300.59412398311196,293.75,0.0
18669600.0,300.51896344045684,301.0335331008936,300.4638169835323,301.2521479649211,300.6061952228643,293.75,0.0
18673200.0,300.228465886168,300.40785553196207,300.1571013972509,300.67723210681277,300.0147951629669,293.15,0.0
18676800.0,300.5073916771543,300.3809411790964,300.36014125451436,300.9865032984502,300.45687090400236,293.75,7.905
18680400.0,300.5668758246496,300.7142838112251,300.5332564889816,301.03664383689653,300.5004909730697,294.25,67.02
18684000.0,299.04335926341287,299.2764161488949,298.8108302797498,299.42976188783797,298.7111569680563,294.84999999999997,158.06713665943602
18687600.0,298.94484761645344,299.16799878704677,298.8896706228029,299.2641827847009,298.569645890402,295.95,235.04349326182384
18691200.0,299.4848860379329,299.72704892913794,299.5367369379228,299.78949260488906,299.1014984886084,296.45,495.35830947267954
18694800.0,299.72398263444467,300.13915207223585,300.1136907091905,299.9952709615445,299.3316072212005,298.75,717.4924242424242
18698400.0,299.90948853851694,300.4580443285208,300.2530329690229,300.1539410213433,299.4513133015337,300.34999999999997,807.612896718666
18702000.0,299.99476015092955,300.2092335120642,300.2148833884852,300.2088409843387,299.46215952604894,301.45,693.0751223610198
18705600.0,300.0335712934078,300.64107016746703,300.19106607030307,300.25448267379613,299.48344158212046,301.45,317.9368930571465
18709200.0,300.2612537973339,300.8320270972415,300.35812794309714,300.51080107177853,299.6946772995375,300.95,471.00676546391753
18712800.0,300.34675991614426,300.4486373674469,300.38551387549035,300.23475869281543,299.6672363971854,303.15,557.4601534890529
18716400.0,300.4722668396684,301.0252151654529,300.4861129203143,301.00762395544956,299.8882924955168,303.15,441.60513860716696
18720000.0,300.51923562340414,301.031353785106,300.50454605773945,301.63204659043623,300.0213001285773,302.54999999999995,298.32568565400845
18723600.0,300.24733949308205,300.68811273283535,300.16700700032567,301.49958678261044,299.7284195052751,300.95,132.79150184599155
18727200.0,299.7783841336823,300.139570420632,299.6338008760681,300.4215030373643,299.16700080098957,299.25,6.64990651709401
18730800.0,299.6456033580401,300.0162094655205,299.50139125747535,300.60585560878906,299.14110071341236,297.54999999999995,0.6495726495726499
18734400.0,299.6793830771185,300.0309369140244,299.530747474304,300.5746761853043,299.22039435402303,297.04999999999995,0.0
18738000.0,300.3308549602697,300.8256789965441,300.31360171021674,301.29598182314925,300.1815779981115,297.04999999999995,0.0
18741600.0,300.6860034441355,301.0384802492979,300.740553340161,301.4462164339054,300.5218365525507,295.34999999999997,0.0
18745200.0,299.15718380010406,299.4930428704581,298.97095741228475,299.88965128055366,298.8043784316488,295.34999999999997,0.0
18748800.0,300.37320190575406,300.7522351452612,300.4475582606798,301.06956746512265,300.34654384960254,293.15,0.0
18752400.0,300.306412167936,300.812747702622,300.5027839687794,301.121513480734,300.45417087983736,293.15,0.0
18756000.0,300.2523207522547,300.77413317754315,300.4546911061392,301.0663842884476,300.46205167035333,292.54999999999995,0.0
18759600.0,298.78633400248026,299.1214438203779,298.54897447286726,299.4556329738038,298.63656756900446,291.45,0.6294642857142856
18763200.0,299.976031126606,300.4702246427904,300.1768627762905,300.7276806362339,300.2740210345846,290.95,14.424752581755593
18766800.0,300.02995335469814,300.50726552629993,300.73252560587355,300.7515239891263,300.3402951460627,291.45,135.2063290382373
18770400.0,298.7175213286157,299.0452813182701,299.5163865277699,299.3291017683674,298.64553615351923,293.15,329.7024642983744
18774000.0,298.61551379341364,298.97569502557263,299.7335596146629,299.2189268601049,298.5622279005812,294.25,388.6482186094777
18777600.0,299.16923521846473,299.54422188136584,300.1267814118432,299.71862635848584,299.08447634176616,294.84999999999997,307.6576154075462
18781200.0,299.3665339438117,299.7255498697093,300.16207422590725,299.86723377412943,299.20909737871654,294.25,246.08085815984685
18784800.0,299.10315962207386,299.6714138742347,299.9546132737414,299.80430976514026,299.17323549000344,290.34999999999997,200.5754568547164
18788400.0,299.0608576800247,299.725389652242,300.0030235789107,299.83192192147055,299.2117610638614,289.25,313.976453667557
18792000.0,299.1951290376726,299.7980027152836,299.9562919545048,299.8528170219856,299.1609640649448,290.34999999999997,456.29974896447845
18795600.0,299.35936534181496,300.0895260230008,300.10880893152415,300.1386973068655,299.3751711274685,290.95,407.7221739240528
18799200.0,299.3229970772025,300.0390459283397,300.04356795947626,300.11668992510977,299.37919840608475,289.25,268.8712821354138
18802800.0,299.1866788529487,300.0326097168662,300.0186421835013,300.11886686822,299.401598479827,288.75,205.378850105616
18806400.0,299.2362874458862,299.98063701482135,299.94975606834504,300.11432856651703,299.40676262915974,289.25,161.53626019687817
18810000.0,299.16948838610114,299.62502148290764,299.4432847149815,299.98296914670203,299.0894959980647,289.84999999999997,104.56045220511754
18813600.0,298.80455159188887,299.1106031890889,299.05478141722944,299.5191882761131,298.64304229399227,288.75,13.72961956521739
18817200.0,300.04169719718635,300.41940835302137,300.61125615547616,300.8391789985389,300.32055462540677,287.04999999999995,0.0
18820800.0,299.8542628145887,300.2731736371391,300.51110548729986,300.5703266236757,300.2864809472099,285.95,0.0
18824400.0,299.8142439218193,300.172124755634,300.4073855713228,300.3505848933355,300.24074063203915,285.95,0.0
18828000.0,299.75091267489796,300.06141874290654,300.2962196441468,300.23073251219614,300.2081532057334,285.34999999999997,0.0
18831600.0,299.6730621570031,299.95732792551007,300.1735238461808,300.0788349583457,300.1634594534519,285.34999999999997,0.0
18835200.0,299.51158162759407,299.85591636569285,300.0473069044032,299.9024234810587,300.0928626911768,284.84999999999997,0.0
18838800.0,299.46618961530345,299.7929353583441,299.967147781036,299.8231118969942,300.0583318036192,285.95,0.0
18842400.0,299.4113659794418,299.73703116923383,299.8955773457559,299.7971328191521,300.03552875749136,285.95,0.0
18846000.0,299.3270996941351,299.64426875348124,299.7891007992988,299.6774655060816,299.99223494476445,284.84999999999997,0.32043650793650785
18849600.0,299.2582791731311,299.57276430488406,299.75498445990536,299.6099928325063,299.9544330425741,284.84999999999997,7.362753147235904
18853200.0,298.2613045344459,298.37922622672306,298.89367985144384,298.59113314838726,298.62760692739226,285.95,147.04425395385016
18856800.0,298.0267259177012,298.15885080431406,299.1753588791297,298.350920251405,298.38076944523874,288.75,327.1107916850951
18860400.0,297.97551846091517,298.14404608777136,299.46398033574934,298.3024172333309,298.3165915316781,290.34999999999997,502.36764705882354
18864000.0,298.58358265932696,298.877438455658,300.22028077477415,298.80303683563113,298.9075769837116,292.54999999999995,659.8719864995178
18867600.0,298.81975177172257,299.3751296795526,300.4907675033154,299.04298525272554,299.0909604645366,293.15,784.7009773013872
18871200.0,298.9088857645081,299.76170352799335,300.52419459347334,299.235393388285,299.1698264822745,293.75,751.8753257407586
18874800.0,299.0344550533129,299.96984953810096,300.46841617744076,299.3775581329865,299.2164321090541,293.75,573.2495994895321
18878400.0,299.010944151846,299.99653737916674,300.27959298899924,299.4596885186566,299.1431557183536,294.84999999999997,673.1061611495963
18882000.0,299.38848144411446,300.41323079439985,300.46960666547506,300.03306913901497,299.4117898793366,293.75,776.332029319128
18885600.0,299.4468948016075,300.5069375779332,300.4731627690099,300.43600145443503,299.5114775012816,293.75,628.7022859347496
18889200.0,299.5288264323641,300.5236871000511,300.46729650013106,300.80175943912906,299.5989766107457,293.15,437.40575221238936
18892800.0,299.4335784862327,300.4748830542843,300.42588439118333,300.9144906229855,299.6312012024839,293.15,252.55996015936256
18896400.0,299.2340174559424,300.09231961923086,300.04300901492604,300.7731749917741,299.31920068137333,292.54999999999995,115.82337317397078
18900000.0,298.76406141849685,299.54578208239013,299.49646173059847,300.22030543013915,298.8426608984137,290.34999999999997,9.166666666666671
18903600.0,298.5870247152912,299.37840882893437,299.3329345369234,299.9458169758246,298.75494372076344,288.75,0.0
18907200.0,299.86301648574914,300.3822337852101,300.773254450732,301.17893964429874,300.33263570132016,287.54999999999995,0.0
18910800.0,299.833269325591,300.26967426455025,300.72433142150544,301.1021323567585,300.3399456207764,287.04999999999995,0.0
18914400.0,299.7640528155318,300.17481645066175,300.62504198322245,300.9121338777017,300.29304742822444,286.45,0.0
18918000.0,299.6822253925964,300.0281596416713,300.50963063631514,300.7309569779617,300.2331264595866,285.95,0.0
18921600.0,299.62709516513,299.96751359876316,300.4180528399275,300.6010348898525,300.1910170821017,286.45,0.0
18925200.0,299.5737351673476,299.85095328842954,300.3239378547139,300.4559515747889,300.1458209889228,286.45,0.0
18928800.0,299.5074362787372,299.77225483406903,300.2198462534101,300.3526668453988,300.0950214888718,285.95,0.0
18932400.0,299.42908548114593,299.653374172304,300.09203235359416,300.1961850097869,300.0425255464828,284.84999999999997,0.3219026548672566
18936000.0,299.38844873472516,299.6393156494287,300.01678432820444,300.0882260154512,300.01746694502333,284.84999999999997,11.647214992191568
18939600.0,298.1874482105416,298.532324030968,298.9709007864909,298.98957362089976,298.64272663717037,285.95,120.0892156862745
18943200.0,297.95308166268546,298.3146190411452,299.17671474521944,298.70385889975887,298.3865129130785,288.75,310.0342592592593
18946800.0,297.9284349839595,298.32089968792997,299.50222333148645,298.663971192236,298.33421978797685,291.45,505.0562838119018
18950400.0,298.5534038747859,299.07431676611174,300.288233528991,299.2652746713694,298.9338266442873,293.75,672.3838296886955
18954000.0,298.84259404833074,299.5700412450675,300.56891630469585,299.4702779519094,299.1382241631725,295.95,694.907643450883
18957600.0,299.0612840453059,299.8718344085379,300.6032327542949,299.65415447332873,299.2272518836765,297.04999999999995,740.7493952574393
18961200.0,299.20210193895474,300.22022014383447,300.5558736098818,299.7499387709612,299.29689920179,296.45,849.7943776003353
18964800.0,299.2587621696172,300.3571250175142,300.391919297888,299.8519319055442,299.2643928162494,298.15,655.5200212445613
18968400.0,299.5350872983055,300.5461075225379,300.5830889665821,300.1229996627327,299.4825957771654,297.04999999999995,475.5137134964483
18972000.0,299.69541462897143,300.6271359664015,300.61966059987907,300.36360697348573,299.565664575432,297.04999999999995,406.6201636904762
18975600.0,299.76017405616756,300.62265330877955,300.59757092585215,300.5097350701753,299.60962719832173,297.54999999999995,309.0286458333333
18979200.0,299.76562353609586,300.3091510037852,300.5127492660616,300.5135468655533,299.57320525202056,295.95,202.7556818181818
18982800.0,299.45170458334366,300.17981057323345,300.1571904260939,300.25467752921395,299.27879179022756,295.95,71.09792178542179
18986400.0,298.75625827677743,299.62285785473756,299.52718510645855,299.6417643315916,298.78099484063824,292.54999999999995,0.0
18990000.0,300.2640166773189,300.9254074007688,301.15603731389126,300.9853438319309,300.47978749066476,292.04999999999995,0.0
18993600.0,300.2055051654027,300.9229822055898,301.1103472276338,300.9036363561267,300.4869414967098,290.34999999999997,0.0
18997200.0,300.0603694075232,300.89521710122676,301.03724125292035,300.76126318512433,300.45932380493696,290.34999999999997,0.0
19000800.0,300.01006031951886,300.822462726182,300.96486791158264,300.7015331521677,300.430378862361,290.34999999999997,0.0
19004400.0,299.94562475065334,300.76438746931944,300.90049819773265,300.76991076721083,300.4118299599812,290.34999999999997,0.0
19008000.0,299.9881981205497,300.5817513050383,300.8274556956816,300.52974262094654,300.3829302653181,290.34999999999997,0.0
19011600.0,299.9669126439399,300.47539889985296,300.77637538533793,300.4895564368927,300.36494748210407,290.95,0.0
19015200.0,299.94685202512363,300.41230309399776,300.7272989593785,300.36953671928,300.3546352635867,290.95,0.0
19018800.0,299.8838130615179,300.4812405353229,300.65638162265907,300.503612509454,300.3453040537457,289.25,0.322072072072072
19022400.0,299.8378803341614,300.277063779384,300.5961988063492,300.3915106706863,300.321969454632,288.75,7.210335335335333
19026000.0,299.90438998296906,300.1737353068041,300.8548492978601,300.1900795236875,300.35651758747565,288.75,126.68940631808277
19029600.0,298.42964430435666,298.9430911714405,299.5932281265592,298.8752603309222,298.6705102744602,291.45,282.0281862745098
19033200.0,298.3749428589758,298.9036620542742,299.7529962329597,298.78549809502874,298.5634260216543,294.25,474.5873786407767
19036800.0,298.9875409232711,299.6127672700811,300.57766562977645,299.3834790551802,299.1746299052085,295.95,700.4693223901511
19040400.0,299.2607762306838,300.08129884893464,300.90635855540285,299.67754071447814,299.4035830653865,298.15,785.2149139772288
19044000.0,299.4304802374645,300.42751554783075,300.94203712451736,299.8204558169265,299.50049556133774,299.25,835.1067633702218
19047600.0,299.5994153369858,300.4600308291906,300.7475558115337,299.9318486241394,299.5128264131996,299.84999999999997,647.2123118302894
19051200.0,299.6421935810832,300.63846274248306,300.75070832940077,299.98805705669923,299.5022277301505,298.75,467.00886402610195
19054800.0,300.00441025045285,300.95753340355805,300.9547924411019,300.42194133146137,299.7695441705955,300.34999999999997,525.1504457652303
19058400.0,300.1046926090602,300.57245805278626,300.89318730286845,300.58715843711497,299.76005198467436,298.15,421.23387096774195
19062000.0,300.12164818657527,300.936787644666,300.84756294538465,300.7462881617424,299.8479102867243,297.54999999999995,271.20730550284634
19065600.0,300.1092534183812,300.819747284168,300.80457481578645,300.71546454123904,299.84041055524267,296.45,154.8952205882353
19069200.0,299.75818413182526,300.4229412995191,300.4046023558891,300.3959731129163,299.49104377327745,295.95,64.71360294117646
19072800.0,299.2426655154082,299.8893934385494,299.8683762636228,299.82344217388487,299.0142356459584,294.25,0.9499999999999957
19076400.0,300.6355868865051,301.19067474071835,301.4612287934133,301.26795342446405,300.74359926339577,293.15,0.0
19080000.0,300.56498412673875,301.1301495698922,301.41004858828995,301.2118059187719,300.747401967876,292.04999999999995,0.0
19083600.0,298.93524556028774,299.5978610258222,299.5254860188273,299.47657236097444,298.86834170134523,292.54999999999995,0.0
19087200.0,300.227519958803,300.7984316588981,301.039889136792,300.7869193271888,300.50410045695145,290.95,0.0
19090800.0,300.20372429233277,300.7459889252928,301.0075945466811,300.74265877508225,300.5148925580435,290.95,0.0
19094400.0,300.16695274595696,300.6911462784066,300.95364410306286,300.6455399337852,300.5055036006194,290.95,0.0
19098000.0,300.1330966560381,300.6143107775404,300.89760354493217,300.5132777214368,300.4923273784622,290.95,0.0
19101600.0,300.0881093748232,300.4903192725736,300.83182028127914,300.42758502001453,300.4778413118668,290.34999999999997,0.0
19105200.0,300.04907887587643,300.4122947197894,300.7704511202337,300.4151384525605,300.46512619496195,290.34999999999997,0.0
19108800.0,300.0087079677321,300.35614128887073,300.7063856343041,300.2759667173415,300.44632186012956,289.84999999999997,10.249999999999998
19112400.0,300.0492597038687,300.40439617986834,300.83925965654123,300.2787989292641,300.4646091529975,290.34999999999997,95.4548969072165
19116000.0,298.5859991116828,299.07820430351853,299.46423480561975,298.9830180705857,298.7441019174432,292.54999999999995,269.64566700255796
19119600.0,298.54878193861214,299.0476580477584,299.7097341759611,298.8966400209912,298.6504872625821,295.34999999999997,466.7744360902256
19123200.0,299.1775692434903,299.75705894025,300.4852657603813,299.5189748267131,299.24693213490525,297.54999999999995,612.931506849315
19126800.0,299.4939260405631,300.1929841579545,300.7925933500492,299.7827000778276,299.46367391292796,298.75,722.0251763190017
19130400.0,299.7016635460456,300.53839750693066,300.87431077725574,299.959864310128,299.56842340384395,299.84999999999997,817.3366336633663
19134000.0,299.8793455930919,300.8440302247704,300.8637885279536,300.1086926417869,299.6655554047008,300.34999999999997,799.8830076716281
19137600.0,299.9467676137907,300.9818124243183,300.7973260947061,300.23792912107683,299.65520510626055,300.95,762.8974706774117
19141200.0,300.2770354562051,301.32201328253666,301.012803096932,300.7386217504825,299.946308469918,301.45,667.4490285984702
19144800.0,300.39670861926635,301.3558137650165,301.0413209644771,300.9240992015077,300.02268165368963,301.45,334.93362783371003
19148400.0,300.1383506435335,300.9867355069624,300.8391987049065,300.7535399665069,299.9203901577076,298.15,128.77167338709677
19152000.0,300.0945925746497,300.8286103678552,300.7498010316256,300.62455789586954,299.88326119729925,295.34999999999997,61.54460227272727
19155600.0,299.728190770989,300.56436079492903,300.3290608835483,300.2070418925437,299.5273969728016,294.25,30.716196777905637
19159200.0,299.28244741208516,300.06119067940574,299.82039488347846,299.7222757143578,299.07435794333105,292.54999999999995,11.386075949367093
19162800.0,299.208107450582,299.9421919409206,299.6980655782123,299.59193735455307,299.02113623657397,293.15,0.0
19166400.0,300.5697943774655,301.3146762479762,301.2651560233978,300.98256428526776,300.6905357592814,294.25,0.0
19170000.0,298.9881673616146,299.67726056143783,299.4313078735647,299.366179366979,298.8565189444427,293.75,0.0
19173600.0,298.92173195998913,299.59413936079187,299.33977113020956,299.29549353026607,298.83644122339894,292.54999999999995,0.0
19177200.0,299.3006925055395,299.8992917128198,299.6990999344895,299.6621882338364,299.25397447398365,292.04999999999995,0.0
19180800.0,299.94449671121686,300.56021727370535,300.5613739607469,300.22875128659797,300.20180683241773,291.45,0.0
19184400.0,299.99522598718477,300.5792457590883,300.6192952403947,300.2624198797948,300.3151232510371,290.95,0.0
19188000.0,299.9603293470357,300.6302304805679,300.57551318121256,300.3141982604321,300.32962274766476,290.34999999999997,0.0
19191600.0,299.912851306088,300.5547660552783,300.50615732431396,300.1261008092827,300.3123947811886,289.84999999999997,0.3304347826086956
19195200.0,299.878849053106,300.4908036325367,300.4644959619967,300.1602518076199,300.3005833188265,289.25,10.833627717391304
19198800.0,299.96842490692535,300.48158789682293,300.81041475946705,300.16021099859387,300.34836609933865,289.25,109.08593750000001
19202400.0,298.5086018299713,299.0405201166395,299.6197961757833,298.7512832004389,298.6572567529988,293.15,306.3229166666667
19206000.0,298.4562847425191,298.9971986627761,299.89971410515915,298.6937518934093,298.58318988224886,297.04999999999995,471.85871085011183
19209600.0,299.0574545150102,299.6877516389441,300.5977870893777,299.2758420733134,299.1687729633488,297.54999999999995,628.8829420196453
19213200.0,299.3479505333626,300.1555488147198,300.9211631726706,299.55532931753504,299.39725037424284,299.84999999999997,729.7706880124216
19216800.0,299.55099267536764,300.45017395471535,300.45346658686947,299.71627759374155,299.4117448519373,299.84999999999997,678.7568477143125
19220400.0,299.65959117472266,300.575287432204,300.8132571396387,299.80437867778136,299.5182986388775,295.34999999999997,402.0860814513843
19224000.0,299.5596498146171,300.3822406051694,300.6077594300138,299.72146747598754,299.40992948962463,298.75,168.47670458980565
19227600.0,299.7652362026828,300.48768980842544,300.4229622648718,299.93794742136487,299.5260495961692,295.34999999999997,366.85246163682865
19231200.0,299.91603511525693,300.6598285961027,300.71473454473727,300.3667282472079,299.677952026127,295.95,514.0653822504612
19234800.0,299.97510316992066,300.2421966803652,300.6822040147492,300.7722457179851,299.7028822585393,297.54999999999995,431.4199118671859
19238400.0,300.01857811232065,300.70692943731063,300.69672981482785,301.1571729654487,299.84619963081786,298.75,266.09959432048686
19242000.0,299.72950069189613,300.3540285656291,300.3322646368548,300.946891746059,299.5264507972504,297.54999999999995,97.2887827170752
19245600.0,299.27315217346035,299.8422123187854,299.8124013646208,300.3981696002981,299.06152209711735,295.34999999999997,8.868975903614455
19249200.0,299.0742236636732,299.6500586446996,299.59520256954465,300.10410310716304,298.93228861958676,293.15,0.0
19252800.0,300.3645279091151,301.00756577905116,301.1397909472837,301.4403772087681,300.6032066669933,292.04999999999995,0.0
19256400.0,300.3414379781446,300.98273549318384,301.1235347426606,301.3945992844066,300.63051562131085,290.95,0.0
19260000.0,300.30000292814196,300.9294147024042,301.0723298182929,301.3253842807003,300.61863049073617,290.95,0.0
19263600.0,300.25835920725893,300.87131165323615,301.0140880055385,301.2550764509998,300.5981718406382,291.45,0.0
19267200.0,300.1681697812675,300.77805648284425,300.9280087472938,301.11382481479575,300.5635143042373,290.34999999999997,0.0
19270800.0,300.1546150368176,300.72148618302015,300.873612172328,301.0987904903028,300.5529158985029,290.34999999999997,0.0
19274400.0,300.1110432470344,300.47953634123377,300.7974737452383,300.9998690786827,300.5289633683228,290.34999999999997,0.0
19278000.0,300.0521518295357,300.4512295891107,300.7148056664513,300.87512898072686,300.4968763153579,289.25,0.0
19281600.0,300.0220057504503,300.46987783113997,300.6603788782075,300.88081366477263,300.4905738555633,289.84999999999997,5.848333333333334
19285200.0,300.02303014445783,300.2862781852455,300.71380174264,300.76812409906023,300.4777148229748,289.25,82.18738095238095
19288800.0,298.5794124987271,299.0377932207764,299.310241465615,299.3264656656273,298.7626544226596,293.15,250.4676640926641
19292400.0,298.54236545607637,299.0175642501685,299.5575290627049,299.2336445250482,298.65079425878884,296.45,434.45897101921196
19296000.0,299.18475846076626,299.73050964175604,300.3439085938384,299.8033336026631,299.2401561410458,298.15,613.0932061579651
19299600.0,299.49986019417724,300.2044835009419,300.6918217005313,300.0519159668259,299.4667314886522,299.25,744.5651340996169
19303200.0,299.73344768240787,300.5755582429317,300.7992454664181,300.21874242348514,299.5938072886138,300.34999999999997,774.7727529677784
19306800.0,299.90307162702715,300.8442889868978,300.6787186061574,300.32906197283637,299.6601418345104,299.84999999999997,775.093283040766
19310400.0,300.0247592411508,300.9858368148749,300.73779124282737,300.45333694726753,299.67935984602616,301.45,667.1334090668221
19314000.0,300.17154296222606,301.1187780587472,300.6663965318777,300.69670550836116,299.8479896715272,294.84999999999997,458.07343067030496
19317600.0,300.19599664748324,300.2770786015371,300.7315327403502,300.66149192703426,299.77361523540344,293.75,397.5054345991561
19321200.0,300.2504097496821,301.0008848963001,300.73452866776773,300.15617251758437,299.8475048357515,294.25,300.4985108225108
19324800.0,300.1994122525524,300.306516989676,300.6337644401131,300.76904491077386,299.81177595955376,293.15,142.24891774891773
19328400.0,299.82308411878574,300.3932589949169,300.24651770363374,300.35883532832355,299.5037679819252,293.15,44.73401497695852
19332000.0,299.3496919088759,299.9609538697238,299.74633260317484,299.8702824677961,299.05850026381427,293.75,10.319556451612904
19335600.0,300.57415141064155,301.3829065730601,301.3537038650796,301.2345390577956,300.78934919017473,292.04999999999995,0.0
19339200.0,300.4893705454074,301.33103316959006,301.3061407687715,301.17644215006777,300.79039793573907,291.45,0.0
19342800.0,299.0187405151828,299.6299463560721,299.4092599113217,299.5172453492987,298.91293707145536,290.95,0.0
19346400.0,299.341214738485,299.8764646026237,299.72666417880805,299.82896741733254,299.29276478731754,289.84999999999997,0.0
19350000.0,299.8865322695747,300.6808053722156,300.64717205568377,300.4740304240309,300.30406062999623,289.84999999999997,0.0
