time,reaCO2RooAir_y,reaCOP_y,reaPFan_y,reaPHeaPum_y,reaPPumEmi_y,reaQFloHea_y,reaQHeaPumCon_y,reaQHeaPumEva_y,reaTRet_y,reaTSetCoo_y,reaTSetHea_y,reaTSup_y,reaTZon_y,weaSta_reaWeaCeiHei_y,weaSta_reaWeaCloTim_y,weaSta_reaWeaHDifHor_y,weaSta_reaWeaHDirNor_y,weaSta_reaWeaHGloHor_y,weaSta_reaWeaHHorIR_y,weaSta_reaWeaLat_y,weaSta_reaWeaLon_y,weaSta_reaWeaNOpa_y,weaSta_reaWeaNTot_y,weaSta_reaWeaPAtm_y,weaSta_reaWeaRelHum_y,weaSta_reaWeaSolAlt_y,weaSta_reaWeaSolDec_y,weaSta_reaWeaSolHouAng_y,weaSta_reaWeaSolTim_y,weaSta_reaWeaSolZen_y,weaSta_reaWeaTBlaSky_y,weaSta_reaWeaTDewPoi_y,weaSta_reaWeaTDryBul_y,weaSta_reaWeaTWetBul_y,weaSta_reaWeaWinDir_y,weaSta_reaWeaWinSpe_y,oveFan_activate,oveFan_u,oveHeaPumY_activate,oveHeaPumY_u,ovePum_activate,ovePum_u,oveTSet_activate,oveTSet_u
900,448.1168220720792,3.8017562977345682,510.20408163265313,2915.404205479489,20.498644281163177,9774.997341125254,11083.656298623493,-8168.252093163622,294.5288469260863,297.15,294.15,299.73325139037973,292.4767468836297,22000.0,900,0.0,0,0.0,253.0,0.8883725892651138,0.07906341511534314,0.1,0.2,101325,0.66,-1.0744210301388852,-0.40287285802311723,-3.2746371395091862,-1829.4930073605433,2.645217356933782,258.46336960388305,268.95,274.15,272.11153497157176,3.490658503988659,5.1,0,1,0,1.0,0,1,0,294.34999999999997
1800,490.5795405286231,3.7182079637341188,510.20408163265313,2951.5609338352097,20.498644281163177,9983.772515275577,10974.51736963259,-8022.956435809071,295.79232745228853,297.15,294.15,300.9668411321416,292.3161664350266,22000.0,1800,0.0,0,0.0,253.0,0.8883725892651138,0.07906341511534314,0.1,0.2,101325,0.66,-1.0824500090370428,-0.40285956871626616,-3.2092076969203753,-929.7735874647788,2.6532463358319394,258.46336960388305,268.95,274.15,272.11153497157176,3.490658503988659,5.1,0,1,0,1.0,0,1,0,294.34999999999997
2700,528.0532080255731,3.6547099660907403,510.20408163265313,2979.914967692362,20.498644281163177,10114.819566641212,10890.724930528242,-7910.809962906754,296.7644790655964,297.15,294.15,301.91428347101925,292.31759346947376,22000.0,2700,0.0,0,0.0,253.0,0.8883725892651138,0.07906341511534314,0.1,0.2,101325,0.66,-1.0852670339503647,-0.40284626580061,-3.143778252270241,-30.054139223764196,2.6560633607452613,258.46336960388305,268.95,274.15,272.11153497157176,3.490658503988659,5.1,0,1,0,1.0,0,1,0,294.34999999999997
3600,561.1235795223532,3.6039806086436967,510.20408163265313,3003.1290588825304,20.498644281163177,10183.52863662686,10823.218893467034,-7820.089834593797,297.55030111965596,297.15,294.15,302.67754759009716,292.3778701398113,22000.0,3600,0.0,0,0.0,253.0,0.8883725892651138,0.07906341511534314,0.1,0.2,101325,0.66,-1.0827770340319547,-0.40283294927680513,-3.0783488055567267,869.665337390749,2.6535733608268512,258.46336960388305,268.95,274.15,272.11153497157176,3.490658503988659,5.1,0,1,0,1.0,0,1,0,294.34999999999997
4500,590.3073928327398,3.561490866749686,510.20408163265313,3022.9708362017464,20.498644281163177,10218.42310396384,10766.28302358318,-7743.312187328269,298.21480492267375,297.15,294.15,303.32135542293173,292.46683895732167,22000.0,4500,0.0,0,0.0,253.0234375,0.8883725892651138,0.07906341511534314,0.1,0.2,101325,0.66,-1.0750638782845217,-0.4028196191455084,-3.0129193567777794,1769.3848424070043,2.645860205079418,258.46336960388305,268.95,274.15,272.11153497157176,3.490658503988659,5.1,0,1,0,1.0,0,1,0,294.34999999999997
5400,616.0626649202501,3.5247051068827004,510.20408163265313,3040.4518214147806,20.498644281163177,10235.428846550627,10716.696062171486,-7676.2442408141205,298.79462953446057,297.15,294.15,303.88218624966134,292.5686169151206,22000.0,5400,0.0,0,0.0,253.0625,0.8883725892651138,0.07906341511534314,0.1,0.2,101325,0.66,-1.0623774799136716,-0.40280627540737723,-2.9474899059313464,2669.104375853242,2.633173806708568,258.46336960388305,268.95,274.15,272.11153497157176,3.490658503988659,5.1,0,1,0,1.0,0,1,0,294.34999999999997
6300,638.7915962696784,3.492161616415079,510.20408163265313,3056.1579091562326,20.498644281163177,10242.890276900633,10672.597344058757,-7616.439434933331,299.31098557951475,297.15,294.15,304.38109670610413,292.67705110323845,22000.0,6300,0.0,0,0.0,253.0703125,0.8883725892651138,0.07906341511534314,0.1,0.2,101325,0.66,-1.045097845979034,-0.4027929180630699,-2.8820604530153724,3568.823937757699,2.6158941727739307,258.46336960388305,268.95,274.15,272.11153497157176,3.490658503988659,5.1,0,1,0,1.0,0,1,0,294.34999999999997
7200,658.8497932292263,3.462964842599359,510.20408163265313,3070.446298848079,20.498644281163177,10245.115017887198,10632.847584000223,-7562.401285096385,299.7769026659834,297.15,294.15,304.8309644600168,292.7909231571987,22000.0,7200,0.0,0,0.0,253.0,0.8883725892651138,0.07906341511534314,0.1,0.2,101325,0.66,-1.0236873409174887,-0.4027795471132453,-2.816630998027805,4468.543528148609,2.5944836677123853,258.46336960388305,268.95,274.15,272.11153497157176,3.490658503988659,5.1,0,1,0,1.0,0,1,0,294.34999999999997
8100,676.5505057101094,3.4149874578167667,510.20408163265313,3075.243823496765,20.498644281163177,10171.555413836923,10501.91908696993,-7426.675263486751,300.1974791979772,297.15,294.15,305.1976540385905,292.90312701380253,22000.0,8100,0.0,0,0.0,252.8203125,0.8883725892651138,0.07906341511534314,0.153125,0.23750000000000002,101325,0.6637500000000001,-0.9986434930547659,-0.40276616255856285,-2.751201540966592,5368.263147054199,2.5694398198496624,258.64141875410985,268.744140625,273.86022727272723,271.87220860954767,3.490658503988659,5.184374999999999,0,1,0,1.0,0,1,0,294.34999999999997
9000,692.1718042725714,3.337129517003401,510.20408163265313,3065.3780268742926,20.498644281163177,9964.42608177986,10229.563494255846,-7164.1854673782245,300.5600199824881,297.15,294.15,305.4372954789876,293.00033789834083,22000.0,9000,0.0,0,0.0,252.5625,0.8883725892651138,0.07906341511534314,0.275,0.325,101325,0.6725,-0.9704608969219581,-0.4027527643996826,-2.6857720818296795,6267.982794502697,2.5412572237168547,258.74682385806346,268.259375,273.1772727272727,271.3043678321963,3.490658503988659,5.375,0,1,0,1.0,0,1,0,294.34999999999997
9900,705.9575518996126,3.252294699441632,510.20408163265313,3049.8196377362656,20.498644281163177,9709.871327587138,9918.912242062655,-6869.09260430286,300.8589940158413,297.15,294.15,305.59170548299295,293.08097319104536,22000.0,9900,0.0,0,0.0,252.2734375,0.8883725892651138,0.07906341511534314,0.40937500000000004,0.42499999999999993,101325,0.6825,-0.9396054873817459,-0.40273935263726546,-2.6203426206150167,7167.702470522324,2.5104018141766424,258.55490359449203,267.694921875,272.3806818181818,270.63522811669964,3.490658503988659,5.578125,0,1,0,1.0,0,1,0,294.34999999999997
10800,718.1234315079289,3.1831691214472224,510.20408163265313,3037.5423507107075,20.498644281163177,9495.311556488576,9669.011015870534,-6631.46866508149,301.1038690529053,297.15,294.15,305.71697828070364,293.1507746880402,22000.0,10800,0.0,0,0.0,252.0,0.8883725892651138,0.07906341511534314,0.5,0.5,101325,0.6900000000000001,-0.906500406846257,-0.4027259272719727,-2.55491315732055,8067.422175141299,2.4772967336411535,258.292708653646,267.25,271.75,270.099008979639,3.490658503988659,5.7,0,1,0,1.0,0,1,0,294.34999999999997
11700,728.8596056418647,3.1321210804198016,510.20408163265313,3030.272968526457,20.498644281163177,9343.781385739281,9491.181844148006,-6460.908875669233,301.31242539630557,297.15,294.15,305.8418382877362,293.2170670359475,19031.25,11700,0.0,0,0.0,251.75,0.8883725892651138,0.07906341511534314,0.55,0.55,101325,0.6950000000000001,-0.8715207232910926,-0.40271248830446654,-2.4894836919442285,8967.141908387834,2.442317050085989,258.05180196378626,266.930703125,271.29521103896104,269.7080126884821,3.463387734426248,5.634375,0,1,0,1.0,0,1,0,294.34999999999997
12600,738.3344230442099,3.0841888060810314,510.20408163265313,3022.832224218989,20.498644281163177,9199.928209944805,9322.985308597232,-6300.153084323119,301.4924708449625,297.15,294.15,305.94289263923304,293.2770797360182,12500.000000000002,12600,0.0,0,0.0,251.5,0.8883725892651138,0.07906341511534314,0.6000000000000001,0.6000000000000001,101325,0.7000000000000001,-0.8349939390563348,-0.40269903573540955,-2.4240542244840007,9866.861670290142,2.4057902658512313,257.8634564827294,266.62562499999996,270.85844155844154,269.33195440921776,3.4033920413889427,5.425,0,1,0,1.0,0,1,0,294.34999999999997
13500,746.6959200733302,3.0414654083753727,510.20408163265313,3016.0340246798364,20.498644281163177,9070.636966802915,9173.163156546878,-6157.129131942198,301.6468936518281,297.15,294.15,306.0265905159073,293.33012638736454,5968.7500000000055,13500,0.0,0,0.0,251.25,0.8883725892651138,0.07906341511534314,0.65,0.65,101325,0.705,-0.7972037558219838,-0.4026855695654652,-2.358624754937815,10766.58146087643,2.3680000826168803,257.7717800007657,266.35773437499995,270.4674512987013,268.9966316737288,3.3433963483516376,5.203125,0,1,0,1.0,0,1,0,294.34999999999997
14400,754.0749153192636,3.006119156061419,510.20408163265313,3010.7643432069335,20.498644281163177,8963.867152703306,9050.71636650104,-6039.952023312375,301.77977458309584,297.15,294.15,306.10124470390673,293.3775845039529,3000.0,14400,0.0,0,0.0,251.0,0.8883725892651138,0.07906341511534314,0.7000000000000001,0.7000000000000001,101325,0.71,-0.7583953173541271,-0.4026720897952974,-2.29319528330362,11666.3012801749,2.3291916441490237,257.8207355300172,266.15,270.15,268.72806413910325,3.3161255787892263,5.1,0,1,0,1.0,0,1,0,294.34999999999997
15300,760.5867100227338,2.9773421046343866,510.20408163265313,3006.953714374238,20.498644281163177,8878.810619390866,8952.729900493181,-5945.776186169146,301.89573691443763,297.15,294.15,306.1708648543736,293.42051789825916,3000.0,15300,0.0,0,0.0,251.8175,0.8883725892651138,0.07906341511534314,0.75,0.7546875000000001,101325,0.715,-0.7187808263150024,-0.4026585964255708,-2.227765809579366,12566.021128213753,2.289577153109899,258.0099349368609,265.99421874999996,269.8954464285714,268.51681902561404,3.3161255787892263,5.203125,0,1,0,1.0,0,1,0,294.34999999999997
16200,766.333525869858,2.9530473001028716,510.20408163265313,3003.981803833865,20.498644281163177,8807.677143775947,8870.90035536975,-5866.918551546881,301.9976821689301,297.15,294.15,306.2339856214769,293.4590305064743,3000.0,16200,0.0,0,0.0,253.93,0.8883725892651138,0.07906341511534314,0.8,0.8125,101325,0.72,-0.6785449260154621,-0.4026450894569507,-2.162336333763002,13465.741005021184,2.2493412528103587,258.3274326476548,265.87125,269.6842857142857,268.3451120849572,3.3161255787892263,5.425,0,1,0,1.0,0,1,0,294.34999999999997
17100,771.4050693744659,2.9343364761999133,510.20408163265313,3002.3080150337155,20.498644281163177,8754.314373315785,8809.78192130079,-5807.473906183697,302.08815895769015,297.15,294.15,306.2952035502678,293.49451152846405,3000.0,17100,0.0,0,0.0,256.0775,0.8883725892651138,0.07906341511534314,0.8500000000000001,0.8640625000000001,101325,0.725,-0.6378495595136444,-0.4026315688901031,-2.096906855852477,14365.460910625385,2.208645886308541,258.79951731890145,265.78765625,269.5309821428571,268.22664405556674,3.3161255787892263,5.634375,0,1,0,1.0,0,1,0,294.34999999999997
18000,775.880687560839,2.922297571857205,510.20408163265313,3002.4203733477034,20.498644281163177,8722.851658210906,8773.965766728597,-5771.545393302066,302.1702833313179,297.15,294.15,306.3597961670445,293.5290244163855,3000.0,18000,0.0,0,0.0,257.0,0.8883725892651138,0.07906341511534314,0.9,0.9,101325,0.73,-0.596838208942684,-0.40261803472569446,-2.0314773758457423,15265.180845054547,2.1676345357375806,259.45213317192173,265.75,269.45,268.1751871661903,3.3161255787892263,5.7,0,1,0,1.0,0,1,0,294.34999999999997
18900,779.830283422232,2.915086329384909,510.20408163265313,3003.8921908776556,20.498644281163177,8708.869648682872,8756.605060573538,-5752.712869722721,302.2472113517847,297.15,294.15,306.42844049121743,293.56390437003597,3000.0,18900,0.0,0,0.0,254.4723046875,0.8883725892651138,0.07906341511534314,0.848828125,0.9140625,101325,0.7340234375,-0.5556395208752125,-0.40260448696439216,-1.966047893740748,16164.90080833685,2.126435847670109,258.66446210081125,265.74395559210524,269.418125,268.164700795318,3.3161255787892263,5.578125,0,1,0,1.0,0,1,0,294.34999999999997
19800,783.315907466182,2.9090727329275294,510.20408163265313,3005.5608689237492,20.498644281163177,8699.31317148705,8743.395170940052,-5737.834302035362,302.31997651712675,297.15,294.15,306.49507939535636,293.596882818806,3000.0,19800,0.0,0,0.0,248.9528125,0.8883725892651138,0.07906341511534314,0.6718750000000001,0.9125000000000001,101325,0.7365625,-0.514370372676276,-0.40259092560686394,-1.9006184095354441,17064.620800500477,2.0851666994711726,256.7717653472486,265.74638157894736,269.39666666666665,268.15678851957676,3.3161255787892263,5.375,0,1,0,1.0,0,1,0,294.34999999999997
20700,786.3919576563835,2.9034857184155736,510.20408163265313,3007.165718893928,20.498644281163177,8691.170266412966,8731.262717717422,-5724.096998785763,302.3885315563061,297.15,294.15,306.55812757034073,293.62697893202056,3000.0,20700,0.0,0,0.0,243.2069140625,0.8883725892651138,0.07906341511534314,0.4839843750000002,0.9046875000000001,101325,0.7383203125,-0.4731384531037879,-0.40257735065377837,-1.8351889232277818,17964.34082157361,2.0439347798986844,255.59898964777184,265.7506167763158,269.376875,268.1466763885617,3.3161255787892263,5.184374999999999,0,1,0,1.0,0,1,0,294.34999999999997
21600,789.1065604515593,2.8975828776025128,510.20408163265313,3008.4493671233545,20.498644281163177,8681.65191271574,8717.231374310748,-5708.782007226067,302.45262493795246,297.15,294.15,306.6159236520533,293.6547022231137,3000.0,21600,0.0,0,0.0,240.0,0.8883725892651138,0.07906341511534314,0.4,0.9,101325,0.74,-0.4320444322478254,-0.40256376210580463,-1.7697594348157126,18864.060871584417,2.002840759042722,255.17076812771919,265.75,269.34999999999997,268.1295449633152,3.3161255787892263,5.1,0,1,0,1.0,0,1,0,294.34999999999997
22500,791.5020334877491,2.89023468281412,510.20408163265313,3009.017017425097,20.498644281163177,8666.721268736275,8696.765344939915,-5687.748327526136,302.5117286632672,297.15,294.15,306.66586013203255,293.68023514431275,3000.0,22500,0.0,0,0.0,239.24601862980768,0.8883725892651138,0.07906341511534314,0.4109375,0.9,101325,0.7405859375,-0.3911837897150612,-0.4025501599636125,-1.7043299442971878,19763.780950561068,1.9619801165099577,255.17268003827223,265.7297099282296,269.30234375,268.0877405154886,3.3161255787892263,5.1,0,1,0,1.0,0,1,0,294.34999999999997
23400,793.6161832722702,2.8818193185431644,510.20408163265313,3008.9402765195036,20.498644281163177,8646.713994176318,8671.222217216517,-5662.281940685826,302.5651141090197,297.15,294.15,306.7074912763993,293.7037531359134,3000.0,23400,0.0,0,0.0,239.08834134615384,0.8883725892651138,0.07906341511534314,0.43125,0.9,101325,0.7396875,-0.35064836047659487,-0.4025365442278724,-1.6389004516701589,20663.50105853173,1.9214446872714914,255.20060357669442,265.69282296650715,269.2395833333333,268.0247529887867,3.3161255787892263,5.1,0,1,0,1.0,0,1,0,294.34999999999997
24300,795.4819125548294,2.8740795001533197,510.20408163265313,3008.796768908408,20.498644281163177,8627.453703180305,8647.5211136472,-5638.724344666331,302.61292896771863,297.15,294.15,306.74417064995106,293.72582333494347,3000.0,24300,0.0,0,0.0,239.63649338942307,0.8883725892651138,0.07906341511534314,0.4609375,0.9,101325,0.7389453125000001,-0.31052764747385386,-0.40252291489925546,-1.573470956932578,21563.221195524566,1.8813239742687504,255.27981421944753,265.65952452153107,269.18203124999997,267.96739709366466,3.3161255787892263,5.1,0,1,0,1.0,0,1,0,294.34999999999997
25200,797.1284116729548,2.766637169044349,510.20408163265313,2746.7067042261324,20.498644281163177,8614.98178730596,7599.140860375321,-4852.43415619974,302.65632567381,303.15,288.15,306.7802652301687,293.747211821837,3000.0,25200,0.0,0,0.0,241.0,0.8883725892651138,0.07906341511534314,0.5,0.9,101325,0.74,-0.2709099400961055,-0.4025092719784334,-1.5080414600823975,22462.941361567733,1.841706266891002,255.4397131456139,265.65,269.15,267.94239677509205,3.3161255787892263,5.1,0,1,0,0.8620273897386161,0,1,0,293.65
26100,750.4645831681872,2.832796668312644,510.20408163265313,2762.6189159856294,20.498644281163177,7904.6201926753,7825.937661021579,-5063.318744954115,302.5883682275763,303.15,288.15,306.3326445647693,293.71992392367883,2629.033430232558,26100,0.0,0,0.0,243.30910633484163,0.8883725892651138,0.07906341511534314,0.5496093750000001,0.9,101325,0.74515625,-0.2318832684754515,-0.4024956154660786,-1.4426119611175696,23362.66155668939,1.802679595270348,255.87245391994492,265.8473011363636,269.27859374999997,268.087188493095,3.3433963483516376,5.1,0,1,0,0.8732672586931235,0,1,0,293.65
27000,709.2837871895572,2.8561889844791812,510.20408163265313,2747.3949384215553,20.498644281163177,7906.127913439717,7847.079159133505,-5099.684220785927,302.5354068008306,303.15,288.15,306.2888621863617,293.7295985250216,1805.7558139534885,27000,0.0,0,0.0,246.18325791855204,0.8883725892651138,0.07906341511534314,0.6052083333333333,0.9,101325,0.75375,-0.1935362152971447,-0.40248194536286414,-1.3771824600360472,24262.38178091768,1.7643325420920413,256.60629455665133,266.2837121212121,269.58875,268.4191356494769,3.4033920413889427,5.1,0,1,0,0.8624739817673455,0,1,0,293.65
27900,672.9418886642194,2.8792669903182997,510.20408163265313,2724.413718574321,20.498644281163177,7894.854822274315,7844.314487861373,-5119.900769262273,302.49955356947004,303.15,288.15,306.2519507085502,293.7454925553599,964.6002906976748,27900,0.0,0,0.0,248.96578054298644,0.8883725892651138,0.07906341511534314,0.658203125,0.9,101325,0.76296875,-0.15595859943239954,-0.4024682616694636,-1.3117529568357835,25162.102034280757,1.726754926227296,257.4156517788355,266.75326704545455,269.92953124999997,268.78412192615684,3.463387734426248,5.1,0,1,0,0.8470461090142062,0,1,0,293.65
28800,640.8702990545544,2.8912520287931973,510.20408163265313,2695.9418214454267,20.498644281163177,7847.86705319328,7794.647260762518,-5098.705439319001,302.46986411082753,303.15,288.15,306.2001603790023,293.7619108491521,540.0,28800,0.0,0,0.0,251.0,0.8883725892651138,0.07906341511534314,0.7000000000000001,0.9,101325,0.77,-0.11924203904875186,-0.4024545643865514,-1.246323451514732,26061.82231680676,1.6900383658436484,258.037155820074,267.04999999999995,270.15,269.0262826882269,3.490658503988659,5.1,0,1,0,0.8301819922523983,0,1,0,293.65
29700,612.5678607937693,2.893346544445648,510.20408163265313,2666.696551018643,20.498644281163177,7773.357199830288,7715.677250974917,-5048.980700026335,302.4375017956648,303.15,288.15,306.13046859808424,293.77471014019955,474.5352612503775,29700,0.0,0,0.0,251.72941176470587,0.8883725892651138,0.07906341511534314,0.7125,0.9,101325,0.773203125,-0.08348039582867117,-0.40244085351480235,-1.180893944070846,26961.54262852383,1.6542767226235677,258.27902908174724,267.1633928571428,270.25874999999996,269.1446727371003,3.490658503988659,4.959375,0,1,0,0.8144995592778961,0,1,0,293.65
30600,587.5904451252526,2.894374266053394,510.20408163265313,2637.843849411256,20.498644281163177,7696.73837206067,7634.9073556031635,-4997.063506252437,302.400822707851,303.15,288.15,306.05560922637534,293.7855003896516,421.9389912413168,30600,0.0,0,0.0,251.6705882352941,0.8883725892651138,0.07906341511534314,0.7000000000000001,0.9,101325,0.774375,-0.04877009646716868,-0.4024271290548922,-1.1154644345020797,27861.26296946011,1.6195664232620652,258.27949475698574,267.2440476190476,270.35499999999996,269.24126656310887,3.490658503988659,4.641666666666667,0,1,0,0.799234627881093,0,1,0,293.65
31500,565.5479691585072,2.8932202089916075,510.20408163265313,2609.1444720829745,20.498644281163177,7614.945928146599,7548.829514809201,-4939.68504273721,302.35994520944774,303.15,288.15,305.97402762259037,293.79443290741625,383.37322561159766,31500,0.0,0,0.0,251.7764705882353,0.8883725892651138,0.07906341511534314,0.6875,0.9,101325,0.775859375,-0.015210322734198423,-0.4024133910074971,-1.0500349228063868,28760.98333964372,1.586006649529095,258.2586240583823,267.3276785714285,270.42375,269.3135398928412,3.490658503988659,4.303125,0,1,0,0.7844145589292281,0,1,0,293.65
32400,546.0955665083405,2.889207363179043,510.20408163265313,2581.8227287352674,20.498644281163177,7529.610105480039,7459.421238284945,-4877.598509597778,302.31476184538303,303.15,288.15,305.8864494153299,293.80048012550174,360.0,32400,0.0,0,0.0,253.0,0.8883725892651138,0.07906341511534314,0.7000000000000001,0.9,101325,0.78,0.017096942818316085,-0.40239963937329404,-0.9846054089817221,29660.7037391028,1.5536993839765805,258.4195897291238,267.45,270.45,269.3591104297815,3.490658503988659,4.1,0,1,0,0.7708132517154587,0,1,0,293.65
33300,528.9295547861308,2.8840022615650294,510.20408163265313,2557.717714708338,20.498644281163177,7448.670627591203,7376.463673663785,-4818.745958889835,302.2656982110419,303.15,288.15,305.797518572814,293.8027455518876,343.37459415584414,33300,0.0,0,0.0,255.325,0.8883725892651138,0.07906341511534314,0.74375,0.915625,101325,0.7882924107142857,0.048047031740977575,-0.40238587415296045,-0.9191758930260411,30560.42416786546,1.522749295053919,258.8687910715196,267.62098214285714,270.45,269.4007604753802,3.490658503988659,4.195982142857143,0,1,0,0.7591991602645866,0,1,0,293.65
34200,513.779952697227,2.8800224344712073,510.20408163265313,2537.5913641813086,20.498644281163177,7380.540967400875,7308.320058362565,-4770.728694138969,302.21461251556866,303.15,288.15,305.7134904685366,293.8015902826124,326.0551948051948,34200,0.0,0,0.0,257.93333333333334,0.8883725892651138,0.07906341511534314,0.8,0.9500000000000001,101325,0.7991964285714286,0.07753288350133247,-0.4023720953471746,-0.853746374937297,31460.144625959838,1.493263443293564,259.52891016189193,267.81071428571425,270.45,269.4554639923383,3.490658503988659,4.522619047619047,0,1,0,0.7496042555331959,0,1,0,293.65
35100,500.41048548003454,2.876889398294334,510.20408163265313,2520.3775190337083,20.498644281163177,7322.431146894526,7250.847364207451,-4730.469845155145,302.16320971724184,303.15,288.15,305.63436944253016,293.79826909639166,310.70819805194805,35100,0.6971153846153846,0,0.6971153846153846,260.575,0.8883725892651138,0.07906341511534314,0.8562500000000001,0.984375,101325,0.8105022321428571,0.10544553702607296,-0.4023583029566151,-0.7883168547134466,32359.86511341404,1.4653507897688236,260.30300405607966,267.99508928571424,270.45,269.5121067707247,3.490658503988659,4.887946428571428,0,1,0,0.7414699257997182,0,1,0,293.65
36000,488.6119806333295,2.8738699641173664,510.20408163265313,2504.0234580723154,20.498644281163177,7267.750980210871,7196.237805599329,-4692.21434753728,302.11202073824336,303.15,288.15,305.5570799457355,293.7946625142937,300.0,36000,2.692307692307692,0,2.692307692307692,263.0,0.8883725892651138,0.07906341511534314,0.9,1.0,101325,0.8200000000000001,0.13167483707902727,-0.4023444969819617,-0.7228873323524451,33259.58563025617,1.4391214897158693,260.9968505860415,268.15,270.45,269.5596310996057,3.490658503988659,5.1,0,1,0,0.7337505339371087,0,1,0,293.65
36900,478.20023086732846,2.870315777673236,510.20408163265313,2486.716594360936,20.498644281163177,7210.264042071959,7137.661875396052,-4650.945281018702,302.0605680907678,303.15,288.15,305.47787958996946,293.7922421996188,292.5,36900,5.841346153846153,0,5.841346153846153,265.20416666666665,0.8883725892651138,0.07906341511534314,0.9320312500000001,1.0,101325,0.827857142857143,0.15611036821590285,-0.40233067742389433,-0.6574578078522474,34159.306176514365,1.4146859585789937,261.55907704907526,268.26651785714284,270.45,269.59890474950026,3.490658503988659,4.986972402597402,0,1,0,0.725529753723878,0,1,0,293.65
37800,469.01151395522663,2.8657469929829453,510.20408163265313,2467.1619578279315,20.498644281163177,7145.222796942134,7070.261961847311,-4603.100004050433,302.00783310803985,303.15,288.15,305.3933569387526,293.7919014522217,285.0,37800,10.0,0,10.0,267.31111111111113,0.8883725892651138,0.07906341511534314,0.9604166666666667,1.0,101325,0.8347619047619048,0.17864262155469168,-0.4023168442830938,-0.5920282812108104,35059.02675221671,1.3921537052402049,262.0933292668845,268.3535714285714,270.45,269.6333870174271,3.490658503988659,4.643831168831168,0,1,0,0.7161566478145176,0,1,0,293.65
38700,460.9025056259331,2.860103459773552,510.20408163265313,2445.2347820667987,20.498644281163177,7071.6422592949175,6993.624460147879,-4548.389678066724,301.9527651820846,303.15,288.15,305.30209701863055,293.7934990075456,277.5,38700,14.966689560439562,0,14.966689560439562,269.2625,0.8883725892651138,0.07906341511534314,0.98359375,1.0,101325,0.8392857142857143,0.1991643887022665,-0.40230299756024135,-0.5265987524260913,35958.74735739131,1.37163193809263,262.55588089763694,268.4138392857143,270.45,269.65596316439377,3.490658503988659,4.278774350649351,0,1,0,0.7055746869111131,0,1,0,293.65
39600,453.7463360852272,2.8537348105983122,510.20408163265313,2421.8993520962877,20.498644281163177,6992.313384748593,6911.458488842674,-4489.559136737059,301.8948362524077,303.15,288.15,305.2051742060509,293.7960428852518,270.0,39600,20.379120879120883,0,20.379120879120883,271.0,0.8883725892651138,0.07906341511534314,1.0,1.0,101325,0.84,0.2175723629711761,-0.40228913725601917,-0.46116922149604567,36858.46799206626,1.3532239638237205,262.8979246257372,268.45,270.45,269.6595266846148,3.490658503988659,4.1,0,1,0,0.6942775173895461,0,1,0,293.65
40500,447.43125708479744,2.8481314285499018,510.20408163265313,2399.565094298165,20.498644281163177,6915.827286618233,6834.276759921913,-4434.711665651054,301.83447261085155,303.15,288.15,305.1076247565566,293.7975914404266,261.796875,40500,25.85199175824176,0,25.85199175824176,272.1591796875,0.8883725892651138,0.07906341511534314,1.0,1.0,101325,0.8366666666666668,0.23376891109836828,-0.40227526337110997,-0.3957396884186301,37758.18865626967,1.3370274156965283,262.9046261141743,268.44630681818177,270.4578125,269.65038611624624,3.490658503988659,4.500162337662338,0,1,0,0.6834241325770268,0,1,0,293.65
41400,441.85800960058106,2.8457444608025892,510.20408163265313,2381.590721682909,20.498644281163177,6856.251920746601,6777.3986041279795,-4395.807882419963,301.77388658289516,303.15,288.15,305.01906106371115,293.7958068599527,253.125,41400,31.0,0,31.0,272.56336805555554,0.8883725892651138,0.07906341511534314,1.0,1.0,101325,0.8311111111111111,0.2476639602520445,-0.4022613759061969,-0.3303101531918025,38657.90935002961,1.323132366542852,262.92393545984703,268.40681818181815,270.48749999999995,269.6510651263125,3.490658503988659,5.4,0,1,0,0.6745736088727396,0,1,0,293.65
42300,436.93963952747475,2.846695837951249,510.20408163265313,2366.965035461403,20.498644281163177,6812.986692169061,6738.029515024106,-4371.064479510778,301.715833649124,303.15,288.15,304.9415880161942,293.79207722471244,245.390625,42300,35.801339285714285,0,35.801339285714285,272.4358723958333,0.8883725892651138,0.07906341511534314,1.0,1.0,101325,0.8250000000000001,0.2591769270418445,-0.4022474748619641,-0.26488061581352046,39557.630073374174,1.311619399753052,262.97279043417535,268.36392045454545,270.5484375,269.6787235856503,3.490658503988659,6.299837662337663,0,1,0,0.6670941030036412,0,1,0,293.65
43200,432.59919847203713,2.849811700084435,510.20408163265313,2351.7987665020028,20.498644281163177,6774.496922697839,6702.18364102155,-4350.384874573412,301.6611595894833,303.15,288.15,304.86965805907136,293.78990788012464,240.0,43200,40.44642857142857,0,40.44642857142857,272.0,0.8883725892651138,0.07906341511534314,1.0,1.0,101325,0.8200000000000001,0.26823859991613297,-0.40223356023909607,-0.19945107628174144,40457.35082633145,1.3025577268787636,263.0681393167108,268.34999999999997,270.65,269.7505394940402,3.490658503988659,6.7,0,1,0,0.6588967248375117,0,1,0,293.65
44100,428.7688945404349,2.8522753151718194,510.20408163265313,2332.410947789368,20.498644281163177,6725.803941882627,6652.678171216122,-4320.2672235015525,301.6085046385633,303.15,288.15,304.79396465569437,293.79184043009116,237.890625,44100,44.86830357142857,0,44.86830357142857,270.6845703125,0.8883725892651138,0.07906341511534314,0.9773437500000001,1.0,101325,0.81642578125,0.2747928763595686,-0.402219632038278,-0.1340215345944239,41357.07160892951,1.296003450435328,262.7394290431181,268.3791083916084,270.775,269.8516544752068,3.4654330421434287,6.188303207986044,0,1,0,0.648253263668786,0,1,0,293.65
45000,425.38854441146134,2.8515011445971714,510.20408163265313,2307.409252044037,20.498644281163177,6656.65065113036,6579.580123257675,-4272.170871243351,301.5548141324499,303.15,288.15,304.70624613969585,293.7980830349379,238.125,45000,49.0,0,49.0,268.5078125,0.8883725892651138,0.07906341511534314,0.9437500000000001,1.0,101325,0.8135243055555555,0.2787982541012026,-0.40220569026019587,-0.06859199074952575,42256.79242119643,1.291998072693694,262.24405030426243,268.4412587412587,270.9,269.9559563055984,3.408846195301425,5.09337565419655,0,1,0,0.6347453285811778,0,1,0,293.65
45900,422.4053980577331,2.8475745585412,510.20408163265313,2277.3554735115413,20.498644281163177,6567.661926598585,6484.939507126012,-4207.5840337050395,301.4973292715921,303.15,288.15,304.60442984928227,293.8076612611709,239.296875,45900,52.31116071428571,0,52.31116071428571,266.5771484375,0.8883725892651138,0.07906341511534314,0.91328125,1.0,101325,0.8113606770833333,0.28022898276442265,-0.40219173490553617,-0.003162444745005945,43156.51326316028,1.290567344030474,261.8602690721936,268.5327797202797,271.025,270.0638494940346,3.34953227150318,4.026760273308781,0,1,0,0.6186930644864305,0,1,0,293.65
46800,419.7727825509888,2.841697193012043,510.20408163265313,2244.9202369679924,20.498644281163177,6467.109749830113,6379.383535927875,-4134.463299032068,301.43467123851764,303.15,288.15,304.4917614563921,293.81801961213324,240.0,46800,54.53214285714286,0,54.53214285714286,266.0,0.8883725892651138,0.07906341511534314,0.9,1.0,101325,0.81,0.2790757994485433,-0.40217776597498606,0.06226710342117756,44056.23413484914,1.2917205273463532,261.79276589738544,268.65,271.15,270.17574717824266,3.3161255787892263,3.6,0,1,0,0.6014798725103926,0,1,0,293.65
47700,417.44970617760066,2.8365876911625008,510.20408163265313,2215.1074294958044,20.498644281163177,6372.675955276805,6283.346469110405,-4068.23903959067,301.367756564019,303.15,288.15,304.3786111886511,293.8250375373868,240.0,47700,55.98705357142857,0,55.98705357142857,266.633984375,0.8883725892651138,0.07906341511534314,0.9,1.0,101325,0.8156705729166668,0.275346197503189,-0.4021637834692334,0.12769665375106448,44955.95503629106,1.2954501292917076,261.9650399653277,268.86466346153844,271.275,270.32425462792224,3.3665765024796874,3.805725786826736,0,1,0,0.5856633669530859,0,1,0,293.65
48600,415.39940299018394,2.833251587703188,510.20408163265313,2189.5910457305235,20.498644281163177,6292.295520859379,6203.66230673669,-4014.0712609763077,301.2993939237898,303.15,288.15,304.27174224397993,293.827810107244,240.0,48600,57.0,0,57.0,267.471875,0.8883725892651138,0.07906341511534314,0.9,1.0,101325,0.8293923611111111,0.26906420960496846,-0.4021497873889666,0.19312620624669594,45855.6759675141,1.301732117189928,262.16069878191627,269.17692307692306,271.4,270.51533862934974,3.490658503988659,4.134920506164828,0,1,0,0.5720723840690675,0,1,0,293.65
49500,413.5900180909232,2.8309040167970063,510.20408163265313,2166.8813163293507,20.498644281163177,6221.501056412575,6134.233022319144,-3967.351706100449,301.23146649289157,303.15,288.15,304.17030445014944,293.828022827351,240.0,49500,57.040011160714286,0,57.040011160714286,268.323828125,0.8883725892651138,0.07906341511534314,0.9,1.0,101325,0.84341796875,0.2602697204142428,-0.40213577773487474,0.25855576091011157,46755.39692854632,1.3105266063806538,262.3530526471575,269.4757211538461,271.525,270.70878590681104,3.614740505497631,4.4466549724205064,0,1,0,0.5599242756834847,0,1,0,293.65
50400,411.9932426804544,2.8290927777421584,510.20408163265313,2146.0854152366064,20.498644281163177,6157.33168192122,6071.474748663664,-3925.389333450247,301.1646073356374,303.15,288.15,304.0732078593175,293.8266752783951,240.0,50400,55.956696428571426,0,55.956696428571426,269.0,0.8883725892651138,0.07906341511534314,0.9,1.0,101325,0.85,0.24901735637991873,-0.4021217545076476,0.32398531774335204,47655.11791941577,1.3217789704149778,262.5155530067582,269.65,271.65,270.86361169083557,3.6651914291880923,4.6,0,1,0,0.548755667076813,0,1,0,293.65
51300,410.58411963864114,2.8266976024575947,510.20408163265313,2126.1892755621775,20.498644281163177,6095.318469717629,6010.094127602657,-3883.904852012734,301.09876397368004,303.15,288.15,303.9780005205456,293.8246464090124,235.71428571428572,51300,54.64503348214286,0,54.64503348214286,269.5296875,0.8883725892651138,0.07906341511534314,0.9,1.0,101325,0.8456818181818182,0.23537502683161704,-0.4021077177079755,0.38941487674845754,48554.8389401505,1.3354212999632795,262.6391846987645,269.69843749999995,271.76593749999995,270.9520552856395,3.6317847364741382,4.599660326086956,0,1,0,0.5381132558818889,0,1,0,293.65
52200,409.34054853177895,2.8231085962654983,510.20408163265313,2106.7897670670764,20.498644281163177,6032.835183901229,5947.69630193125,-3840.906534903699,301.03334883401027,303.15,288.15,303.8827819440322,293.8222414938159,226.07142857142856,52200,54.0,0,54.0,270.0541666666667,0.8883725892651138,0.07906341511534314,0.9,1.0,101325,0.8357070707070707,0.21942220857081884,-0.40209366733654955,0.45484443792746637,49454.55999077855,1.3513741182240777,262.74070260896565,269.7125,271.86749999999995,270.9960974208605,3.5724708126758933,4.571920289855072,0,1,0,0.5278476433405143,0,1,0,293.65
53100,408.2431016781999,2.8176230474585764,510.20408163265313,2086.425968413556,20.498644281163177,5965.441273841979,5878.761895418114,-3792.335927053986,300.967783748904,303.15,288.15,303.7847411916478,293.82078161164833,215.89285714285714,53100,56.570591517857146,0,56.570591517857146,270.5515625,0.8883725892651138,0.07906341511534314,0.9,1.0,101325,0.8253787878787878,0.2012480744518068,-0.40207960339406124,0.5202740012824183,50354.28107132797,1.3695482523430897,262.8322699396357,269.7203125,271.9603125,271.0292560277403,3.51588396583389,4.558220108695652,0,1,0,0.5171616392244878,0,1,0,293.65
54000,407.2746089319591,2.8072176842309378,510.20408163265313,2060.7869922749555,20.498644281163177,5876.994907080606,5785.07768814734,-3724.2906958392246,300.90031347367636,303.15,288.15,303.67371886036307,293.82371941972724,210.0,54000,61.86830357142857,0,61.86830357142857,271.0,0.8883725892651138,0.07906341511534314,0.9,1.0,101325,0.8200000000000001,0.1809495651875792,-0.402065525881203,0.5857035668153515,51254.002181826785,1.3898467616073173,262.92605700741086,269.75,272.04999999999995,271.0856937857037,3.490658503988659,4.6,0,1,0,0.5038046108161772,0,1,0,293.65
54900,406.41994183025366,2.7890640726422395,510.20408163265313,2026.9206005481997,20.498644281163177,5754.343124127144,5653.211425087416,-3626.2908245397293,300.82764501220373,303.15,288.15,303.53977910998606,293.832921284854,221.97732859096237,54900,66.23186383928572,0,66.23186383928572,271.3473557692308,0.8883725892651138,0.07906341511534314,0.9,0.988125,101325,0.8210795454545455,0.15862949437021667,-0.40205143479866773,0.6511331345283058,52153.723322303034,1.4121668324246799,263.0246370790739,269.8186079545454,272.135,271.17257069644864,3.490658503988659,4.707421875,0,1,0,0.4862817070300397,0,1,0,293.65
55800,405.6656771807636,2.762221614055775,510.20408163265313,1985.6417361208287,20.498644281163177,5596.843573089559,5484.782521284186,-3499.140785123676,300.7463801613896,303.15,288.15,303.3795589833066,293.8468696118048,254.08240005209012,55800,66.0,0,66.0,271.59294871794873,0.8883725892651138,0.07906341511534314,0.9,0.96,101325,0.8248484848484848,0.13439476181206733,-0.402037330147149,0.7165627044233185,53053.44449278474,1.4364015649828292,263.1120747214545,269.9079545454545,272.2033333333333,271.2582911814959,3.490658503988659,4.844791666666667,0,1,0,0.4651090368246016,0,1,0,293.65
56700,405.0000414468829,2.730976447384985,510.20408163265313,1943.4095189759573,20.498644281163177,5427.303772719854,5307.405623947123,-3363.9961049576245,300.65546988400666,303.15,288.15,303.2043035447852,293.85970964099954,294.1462714871728,56700,59.91756465517241,0,59.91756465517241,271.7920673076923,0.8883725892651138,0.07906341511534314,0.9,0.9268750000000001,101325,0.8286931818181819,0.10835473241578919,-0.40202321192734103,0.7819922765024284,53953.16569329995,1.4624415943791074,263.17278107904303,269.99332386363636,272.245,271.31908132551814,3.490658503988659,4.984765625,0,1,0,0.4436599149911707,0,1,0,293.65
57600,404.4126203997501,2.699229366264681,510.20408163265313,1905.1067903915252,20.498644281163177,5265.843944621412,5142.320194495057,-3237.2134041425224,300.557299422064,303.15,288.15,303.02682777267233,293.8675919562298,330.0,57600,50.7801724137931,0,50.7801724137931,272.0,0.8883725892651138,0.07906341511534314,0.9,0.9,101325,0.8300000000000001,0.08061981929514439,-0.4020090801399387,0.8474218507676725,54852.88692387665,1.4901765074997522,263.1911727266696,270.04999999999995,272.25,271.3310063867624,3.490658503988659,5.1,0,1,0,0.4244737776123024,0,1,0,293.65
58500,403.89424925649735,2.6790400646620056,510.20408163265313,1881.6860157497465,20.498644281163177,5157.306081604255,5041.112225307793,-3159.4262096031844,300.4570622684341,303.15,288.15,302.87564181844294,293.86212159226784,335.92938726842925,58500,41.00269396551724,0,41.00269396551724,272.0646543904209,0.8883725892651138,0.07906341511534314,0.9,0.8908333333333334,101325,0.8245833333333333,0.05130029271715286,-0.4019949347856375,0.9128514272210885,55752.60818454288,1.5194960340777437,263.14385989310375,269.9690340909091,272.22109374999997,271.27378685170595,3.490658503988659,5.164453125,0,1,0,0.4131756578917612,0,1,0,293.65
59400,403.43676292525373,2.6676555561368316,510.20408163265313,1868.784821973643,20.498644281163177,5093.93796811918,4985.274213562168,-3116.489391614609,300.36232539473673,303.15,288.15,302.7532207667638,293.84865621064733,311.11935662951544,59400,33.0,0,33.0,271.8583091436865,0.8883725892651138,0.07906341511534314,0.9,0.8955555555555557,101325,0.8138888888888889,0.020505321902312357,-0.40198077586513364,0.9782810058647134,56652.329475326645,1.5502910048925842,263.0448513264962,269.75,272.17291666666665,271.1694555286828,3.490658503988659,5.178125,0,1,0,0.4073837111497816,0,1,0,293.65
60300,403.03303294764316,2.6552536770347266,510.20408163265313,1856.0217586307092,20.498644281163177,5029.7433676621185,4928.208599260651,-3072.18684056151,300.2729812185678,303.15,288.15,302.6347783290999,293.83642741565586,280.7496476758439,60300,26.630118534482758,0,26.630118534482758,271.47280932510887,0.8883725892651138,0.07906341511534314,0.9,0.9025000000000001,101325,0.80375,-0.01165775454261686,-0.4019666033791237,1.0437105867005845,57552.05079625596,1.5824540813375134,262.9347154871409,269.53096590909087,272.11328125,271.0574778079844,3.490658503988659,5.152734375,0,1,0,0.40167888688135645,0,1,0,293.65
61200,402.676742751466,2.6747923083978566,510.20408163265313,1873.4731282595371,20.498644281163177,5085.487064260475,5011.151513458681,-3137.678385189541,300.194384523586,303.15,288.15,302.59007335464764,293.80056061982157,270.0,61200,20.407327586206893,0,20.407327586206893,271.0,0.8883725892651138,0.07906341511534314,0.9,0.9,101325,0.8,-0.04508394164027418,-0.40195241732830533,1.1091401697307388,58451.772147358824,1.6158802684351707,262.85414771926247,269.45,272.04999999999995,270.9770633892409,3.490658503988659,5.1,0,1,0,0.41170605957815337,0,1,0,293.65
62100,402.36232408225163,2.712993517123501,510.20408163265313,1911.6668462608873,20.498644281163177,5232.499288642804,5186.339760805716,-3274.6729145214367,300.1395559420836,303.15,288.15,302.6152850805379,293.7516337870021,3670.910447876216,62100,14.730872844827584,0,14.730872844827584,266.68764740566036,0.8883725892651138,0.07906341511534314,0.775,0.83125,101325,0.808125,-0.07967090126803678,-0.4019382177133765,1.1745697549572118,59351.493528663246,1.6504672280629333,261.11383261765883,269.5113636363636,271.97734375,270.9522231902731,3.4415711187763187,4.79091796875,0,1,0,0.43251472769265475,0,1,0,293.65
63000,402.08484468473733,2.7551951445983054,510.20408163265313,1958.894986470372,20.498644281163177,5419.489145688279,5397.137955501132,-3438.2429689264045,300.11035556331984,303.15,288.15,302.6846523858784,293.7006049328354,11142.47423150931,63000,10.0,0,10.0,257.8195754716981,0.8883725892651138,0.07906341511534314,0.5000000000000001,0.6944444444444445,101325,0.8244444444444444,-0.11531908430271809,-0.4019240045350358,1.239999342382039,60251.21494019722,1.6861154110976146,258.9895837605922,269.6045454545454,271.89374999999995,270.9606954793808,3.3306699892225122,4.21328125,0,1,0,0.45800563583901666,0,1,0,293.65
63900,401.839970153595,2.7941728887806243,510.20408163265313,2007.5263187217774,20.498644281163177,5613.689786878053,5609.375613285961,-3601.84929450747,300.10344502873164,303.15,288.15,302.7780563475053,293.6541050849303,18610.300899387752,63900,6.1171875,0,6.1171875,249.0417158018868,0.8883725892651138,0.07906341511534314,0.2250000000000001,0.5604166666666667,101325,0.8410416666666667,-0.15193170013626944,-0.4019097777939828,1.3054289320072585,61150.93638198874,1.722728026931166,257.47844074008333,269.69545454545454,271.81328125,270.9727143504821,3.212496654452063,3.7040039062500005,0,1,0,0.48409358962402693,0,1,0,293.65
64800,401.62386929515515,2.8292143610707985,510.20408163265313,2055.2492410791046,20.498644281163177,5804.321881322612,5814.7406684408625,-3759.4914273598733,300.1143774266108,303.15,288.15,302.88617050138197,293.6136800217828,22000.0,64800,2.9375,0,2.9375,245.0,0.8883725892651138,0.07906341511534314,0.1,0.5,101325,0.85,-0.18941454006172842,-0.4018955374909173,1.3708585238349038,62050.657854065794,1.760210866856625,256.38798733412506,269.75,271.75,270.95974107789186,3.141592653589793,3.6,0,1,0,0.5094647074046049,0,1,0,293.65
65700,401.43316480210416,2.8633907567661043,510.20408163265313,2102.5001616180707,20.498644281163177,5996.473642857524,6020.279528876425,-3917.7793671735753,300.14065052648345,303.15,288.15,303.0098060534956,293.57882560729814,18595.784156142363,65700,0.7890625,0,0.7890625,248.66015625,0.8883725892651138,0.07906341511534314,0.22083333333333333,0.5625,101325,0.8507366071428571,-0.22767566782109494,-0.4018812836265399,1.4362881178670097,62950.37935645637,1.7984719946159915,257.39912491213084,269.775,271.73984375,270.95389625315175,3.13341142272107,3.82553399268617,0,1,0,0.5340456309375333,0,1,0,293.65
66600,401.26486509302396,2.8943396330502025,510.20408163265313,2144.847143099031,20.498644281163177,6175.303268892488,6207.916093106025,-4063.0689500074727,300.18025161411583,303.15,288.15,303.13919003717837,293.552738907439,11116.252583237656,66600,0.0,0,0.0,256.96875,0.8883725892651138,0.07906341511534314,0.4888888888888889,0.7000000000000001,101325,0.8494642857142857,-0.26662498647986843,-0.40186701620155196,1.5017177141056128,63850.10088918845,1.837421313274765,258.8719905049685,269.79999999999995,271.78125,270.9869242493692,3.148864858806436,4.073819813829787,0,1,0,0.5554366511025368,0,1,0,293.65
67500,401.11634122883197,2.9187249459374187,510.20408163265313,2179.687264638086,20.498644281163177,6325.59085345185,6361.907593641278,-4182.2203290090765,300.2289324297448,303.15,288.15,303.2622058435329,293.5360043537255,3638.5947187141173,67500,0.0,0,0.0,265.54296875,0.8883725892651138,0.07906341511534314,0.7625000000000001,0.8375,101325,0.8484598214285715,-0.3061736859700306,-0.4018527352166554,1.5671473125527473,64749.82245229001,1.8769700127649271,260.9128432314003,269.825,271.83203125,271.03035994520184,3.160682192283481,4.33519572805851,0,1,0,0.572656769494487,0,1,0,293.65
68400,400.985269473836,2.934630672491151,510.20408163265313,2206.6616958361906,20.498644281163177,6440.320499743344,6475.737096412224,-4269.075400534391,300.28184238019355,303.15,288.15,303.37066572365103,293.52720237304834,240.0,68400,0.0,0,0.0,270.0,0.8883725892651138,0.07906341511534314,0.9,0.9,101325,0.85,-0.34623357023985024,-0.40183844067255253,1.6325769132104462,65649.54404578902,1.9170298970347468,262.75668585513847,269.84999999999997,271.84999999999997,271.0558620309523,3.141592653589793,4.6,0,1,0,0.5859668356680988,0,1,0,293.65
69300,400.8696048963248,2.9429054329888924,510.20408163265313,2228.747338652904,20.498644281163177,6525.829153303047,6558.9926516811665,-4330.245312946461,300.3349322366556,303.15,288.15,303.4642727868001,293.5224950547664,240.0,69300,0.0,0,0.0,270.87890625,0.8883725892651138,0.07906341511534314,0.9187500000000001,0.9,101325,0.8545089285714287,-0.38671625698589285,-0.4018241325699468,1.6980065160807447,66549.26566971347,1.9575125837807894,263.03289113238714,269.875,271.80984374999997,271.04132451472435,3.097959422289935,4.8721005889057745,0,1,0,0.5972492939757778,0,1,0,293.65
70200,400.7675261407203,2.94762551011922,510.20408163265313,2249.3909280950966,20.498644281163177,6598.519006203313,6630.362081883855,-4380.97115384482,300.38695643025983,303.15,288.15,303.5507026230345,293.51896149161473,240.0,70200,0.0,0,0.0,271.40625,0.8883725892651138,0.07906341511534314,0.9277777777777779,0.9,101325,0.8601190476190476,-0.4275322363655074,-0.4018098109095419,1.763436121165678,67448.98732409131,1.998328563160404,263.12456553753475,269.9,271.73875,271.00271211040564,3.0543261909900767,5.1539703647416415,0,1,0,0.6081000424623073,0,1,0,293.65
71100,400.67744195487495,2.9517700496183488,510.20408163265313,2269.3775701580325,20.498644281163177,6666.9011964709125,6698.680742868143,-4429.303172650418,300.4384854256542,303.15,288.15,303.63490901877844,293.51638744032033,240.0,71100,0.0,0,0.0,271.23046875,0.8883725892651138,0.07906341511534314,0.9229166666666666,0.9,101325,0.865669642857143,-0.46858976779275974,-0.4017954756920422,1.8288657284672762,68348.70900895049,2.0393860945876563,262.98351741644785,269.92499999999995,271.67328125,270.9689784522551,3.0106929596902186,5.4338549582066875,0,1,0,0.6185830094291146,0,1,0,293.65
72000,400.5979429397139,3.380197063364411,510.20408163265313,2993.040906388608,20.498644281163177,6735.949821028743,10117.068082304328,-7124.027175856496,300.4905020706949,297.15,294.15,303.7203074831174,293.51541679807326,240.0,72000,0.0,0,0.0,270.0,0.8883725892651138,0.07906341511534314,0.9,0.9,101325,0.87,-0.5097935857921181,-0.40178112691815293,1.8942953379875747,69248.430724319,2.0805899125870146,262.5872641254211,269.95,271.65,270.96937754093295,2.9670597283903604,5.7,0,1,0,1.0,0,1,0,294.34999999999997
72900,448.6446543702536,3.1861957443236215,510.20408163265313,3027.665289298755,20.498644281163177,9281.018134772352,9646.73426000004,-6619.06897072652,300.9128446667245,297.15,294.15,305.49660382834423,293.57167298564934,240.0,72900,0.0,0,0.0,268.0453125,0.8883725892651138,0.07906341511534314,0.8640625000000001,0.9,101325,0.8724107142857144,-0.551043376858019,-0.4017667645885798,1.9597249497286073,70148.15247022478,2.1218397036529155,262.0651296291626,269.98794642857143,271.668125,270.99963811989164,2.923426497090502,5.638950892857143,0,1,0,1.0,0,1,0,294.34999999999997
73800,491.0458277352574,3.1668340497276635,510.20408163265313,3040.4629832044657,20.498644281163177,9343.903564131648,9628.64170214845,-6588.178718957266,301.2849026276694,297.15,294.15,305.8655359235605,293.615044576544,240.0,73800,0.0,0,0.0,265.9125,0.8883725892651138,0.07906341511534314,0.8208333333333334,0.9,101325,0.8730952380952381,-0.5922319794387905,-0.40175238870402913,2.0251545636924027,71047.87424669576,2.163028306233687,261.52487340145547,270.04285714285714,271.705,271.0389278189717,2.8797932657906435,5.190178571428571,0,1,0,1.0,0,1,0,294.34999999999997
74700,528.4647047425368,3.153813382689018,510.20408163265313,3051.685222476287,20.498644281163177,9391.499780566724,9624.445694400027,-6572.760471953701,301.5844245105714,297.15,294.15,306.16653618028386,293.6693727918346,240.0,74700,0.0,0,0.0,263.5734375,0.8883725892651138,0.07906341511534314,0.7671875,0.9,101325,0.8722321428571429,-0.6332432489696012,-0.4017379992652079,2.090584179880998,71947.59605375993,2.2040395757644977,260.9638717882876,270.1013392857143,271.764375,271.0917823107595,2.8361600344907854,4.721316964285713,0,1,0,1.0,0,1,0,294.34999999999997
75600,561.4867238369791,3.1457204773482017,510.20408163265313,3062.305629602969,20.498644281163177,9431.66229129986,9633.157526940737,-6570.85189735167,301.8392363150736,297.15,294.15,306.4274990416805,293.7300586294523,240.0,75600,0.0,0,0.0,261.0,0.8883725892651138,0.07906341511534314,0.7000000000000001,0.9,101325,0.87,-0.6739495204318247,-0.4017235962728238,2.156013798296423,72847.3178914452,2.244745847226721,260.40138331221834,270.15,271.84999999999997,271.1626845446611,2.792526803190927,4.6,0,1,0,1.0,0,1,0,294.34999999999997
76500,590.6277238784959,3.140639925620837,510.20408163265313,3072.55589997647,20.498644281163177,9469.301995108617,9649.791733167964,-6577.235833131603,302.0659177327369,297.15,294.15,306.6635913389877,293.7925738204458,671.25,76500,0.0,0,0.0,257.2,0.8883725892651138,0.07906341511534314,0.5640625,0.9,101325,0.8616741071428571,-0.714208594552125,-0.4017091797275851,2.221443418940709,73747.03975977951,2.2850049213470216,259.5198690110261,270.14006696428567,271.95,271.21467264110964,2.765256033628516,4.911064189189189,0,1,0,1.0,0,1,0,294.34999999999997
77400,616.3453558711918,3.136723281503228,510.20408163265313,3082.218629816154,20.498644281163177,9503.190746576456,9668.066934827311,-6585.848304966942,302.2729967182116,297.15,294.15,306.8805106132524,293.8544962500173,1620.0,77400,0.0,0,0.0,252.4,0.8883725892651138,0.07906341511534314,0.36250000000000004,0.9,101325,0.8473214285714287,-0.7538601749480294,-0.40169474963020074,2.286873041815887,74646.7616587908,2.324656501742926,258.57688731854796,270.07589285714283,272.04999999999995,271.2336074628783,2.7634379823243553,5.3878378378378375,0,1,0,1.0,0,1,0,294.34999999999997
78300,639.0410699772411,3.133689182231332,510.20408163265313,3091.4322529537703,20.498644281163177,9535.148457338046,9687.587808682265,-6596.155555792951,302.46499065253175,297.15,294.15,307.08271214623346,293.9158891974912,2568.75,78300,0.0,0,0.0,248.4,0.8883725892651138,0.07906341511534314,0.1796875000000001,0.9,101325,0.8343080357142857,-0.7927217003201354,-0.4016803059813802,2.352302666923991,75546.483588507,2.363518027115032,257.5441511298552,270.02377232142857,272.15,271.2589000115779,2.7761643414534802,5.870692567567567,0,1,0,1.0,0,1,0,294.34999999999997
79200,659.069952843666,3.131372301897943,510.20408163265313,3100.2836004162627,20.498644281163177,9566.088630209983,9708.142194371914,-6607.858593921441,302.6446611764734,297.15,294.15,307.2729376930034,293.97717680464825,3000.0,79200,0.0,0,0.0,247.0,0.8883725892651138,0.07906341511534314,0.1,0.9,101325,0.8300000000000001,-0.8305835618652924,-0.40166584878183376,2.41773229426705,76446.20554895606,2.401379888660189,256.9298369488902,270.04999999999995,272.25,271.3310063867624,2.792526803190927,6.2,0,1,0,1.0,0,1,0,294.34999999999997
80100,676.7451511548602,3.129658406857801,510.20408163265313,3108.829908357787,20.498644281163177,9596.437267627745,9729.575658182916,-6620.745749805996,302.8138827223961,297.15,294.15,307.4530308160436,294.03918994976686,3000.0,80100,0.0,0,0.0,247.5,0.8883725892651138,0.07906341511534314,0.1,0.9,101325,0.8325,-0.86720379336146,-0.4016513780322722,2.4831619238470948,77345.92754016587,2.4380001201563566,257.0479244893192,270.15156249999995,272.34999999999997,271.44028834720933,2.825251726665821,6.397138314785374,0,1,0,1.0,0,1,0,294.34999999999997
81000,692.3428237284159,3.1279532605283316,510.20408163265313,3115.4222803379344,20.498644281163177,9624.600867098312,9744.895279705652,-6629.472999420428,302.9740620430294,297.15,294.15,307.62341515447895,294.10184609494735,3000.0,81000,0.0,0,0.0,248.0,0.8883725892651138,0.07906341511534314,0.1,0.9,101325,0.835,-0.9023025022854783,-0.40163689373340705,2.548591555666155,78245.64956216436,2.473098829080375,257.1711182838379,270.275,272.45,271.54969149296176,2.8797932657906435,6.568044515103339,0,1,0,0.9981731439990073,0,1,0,294.34999999999997
81900,706.1085061529476,3.1196883923214043,510.20408163265313,3075.1274693069645,20.498644281163177,9508.327763215182,9593.439470905632,-6518.312001606952,303.1152867256094,297.15,294.15,307.69774197695756,294.1644817463425,3000.0,81900,0.0,0,0.0,248.5,0.8883725892651138,0.07906341511534314,0.1,0.9,101325,0.8375,-0.9355566170767369,-0.40162239588595033,2.614021189726262,79145.37161497945,2.5063529438716334,257.2972255805386,270.4109375,272.54999999999995,271.65921616599593,2.9343348049154665,6.679928457869634,0,1,0,0.9752253192000602,0,1,0,294.34999999999997
82800,718.2567145836991,3.111601398843016,510.20408163265313,3026.28144090981,20.498644281163177,9360.516245343602,9416.581564827622,-6390.300123974792,303.2258799511282,297.15,294.15,307.7265343667798,294.22591236028836,3000.0,82800,0.0,0,0.0,249.0,0.8883725892651138,0.07906341511534314,0.1,0.9,101325,0.84,-0.9665960002393494,-0.40160788449061485,2.679450826029445,80045.09369863904,2.537392327034246,257.42405687871684,270.54999999999995,272.65,271.76886270218574,2.9670597283903604,6.7,0,1,0,0.9488055799175584,0,1,0,294.34999999999997
83700,728.977055603405,3.1047669248145455,510.20408163265313,2970.984237515222,20.498644281163177,9193.48267284484,9224.213594782623,-6253.22935721368,303.308240823548,297.15,294.15,307.7190609250536,294.2852288539443,3000.0,83700,0.0,0,0.0,249.5,0.8883725892651138,0.07906341511534314,0.1,0.9,101325,0.8425,-0.9950026303812063,-0.40159335954811387,2.7448804645777334,80944.81581317107,2.565798957176103,257.57179387569647,270.69015625,272.77187499999997,271.8995961566871,2.949606435870417,6.631328781512606,0,1,0,0.9195767589365353,0,1,0,294.34999999999997
84600,738.4381239955393,3.0990516799294943,510.20408163265313,2910.1183378733817,20.498644281163177,9011.36521538776,9018.607123780132,-6108.4887858438315,303.3653561513555,297.15,294.15,307.6800252351656,294.3421822015647,3000.0,84600,0.0,0,0.0,250.0,0.8883725892651138,0.07906341511534314,0.1,0.9,101325,0.845,-1.0203153023567277,-0.4015788210591616,2.8103101053731563,81844.5379586034,2.5911116291516243,257.7425558885454,270.83624999999995,272.91666666666663,272.0524538107595,2.8914287941372723,6.511974789915967,0,1,0,0.8878388324400922,0,1,0,294.34999999999997
85500,746.7874814879647,3.0918099145847777,510.20408163265313,2844.757010827483,20.498644281163177,8811.027407363115,8795.447930660968,-5950.690919814456,303.3987421944588,297.15,294.15,307.60887654741373,294.39560741312783,3000.0,85500,0.0,0,0.0,250.5,0.8883725892651138,0.07906341511534314,0.1,0.9,101325,0.8475,-1.0420428462493954,-0.40156426902447256,2.8757397484177414,82744.26013496394,2.612839173044292,257.90705148039814,270.98921874999996,273.05312499999997,272.19749073270737,2.827433388230814,6.361633403361345,0,1,0,0.8544842914186997,0,1,0,294.34999999999997
86400,754.155758266756,3.0808023850304216,510.20408163265313,2776.8623326796396,20.498644281163177,8592.809905599353,8554.964097420574,-5778.101764684633,303.40898670029344,297.15,294.15,307.5062105302578,294.44387179035056,3000.0,86400,0.0,0,0.0,251.0,0.8883725892651138,0.07906341511534314,0.1,0.9,101325,0.85,-1.0596886447531237,-0.4015497034447621,2.941169393713519,83643.9823422806,2.6304849715480203,258.03597233666244,271.15,273.15,272.3046899110795,2.792526803190927,6.2,0,1,0,0.820784262943861,0,1,0,294.34999999999997
