time,fcu_reaFloSup_y,fcu_reaPCoo_y,fcu_reaPFan_y,fcu_reaPHea_y,zon_reaCO2RooAir_y,zon_reaPLig_y,zon_reaPPlu_y,zon_reaTRooAir_y,zon_weaSta_reaWeaCeiHei_y,zon_weaSta_reaWeaCloTim_y,zon_weaSta_reaWeaHDifHor_y,zon_weaSta_reaWeaHDirNor_y,zon_weaSta_reaWeaHGloHor_y,zon_weaSta_reaWeaHHorIR_y,zon_weaSta_reaWeaLat_y,zon_weaSta_reaWeaLon_y,zon_weaSta_reaWeaNOpa_y,zon_weaSta_reaWeaNTot_y,zon_weaSta_reaWeaPAtm_y,zon_weaSta_reaWeaRelHum_y,zon_weaSta_reaWeaSolAlt_y,zon_weaSta_reaWeaSolDec_y,zon_weaSta_reaWeaSolHouAng_y,zon_weaSta_reaWeaSolTim_y,zon_weaSta_reaWeaSolZen_y,zon_weaSta_reaWeaTBlaSky_y,zon_weaSta_reaWeaTDewPoi_y,zon_weaSta_reaWeaTDryBul_y,zon_weaSta_reaWeaTWetBul_y,zon_weaSta_reaWeaWinDir_y,zon_weaSta_reaWeaWinSpe_y,con_oveTSetCoo_activate,con_oveTSetCoo_u,con_oveTSetHea_activate,con_oveTSetHea_u,fcu_oveFan_activate,fcu_oveFan_u,fcu_oveTSup_activate,fcu_oveTSup_u
900,0.0,0.0,0.0,0.0,278.90096681269455,56.64000000000001,25.92,291.2013014586044,77777.0,900,0.0,0.0,0.0,250.75,0.6939429105929453,-1.830152253641254,0.1875,0.4375,101325,0.525,-1.2763965485815167,-0.40287285802311723,-3.0894577058725883,716.9069926394554,2.8471928753764133,257.5357236709297,265.7625,273.15,270.40671119716603,3.392483733563978,2.3874999999999997,0,303.15,0,288.15,0,0.0,0,294.15
1800,0.0,0.0,0.0,0.0,293.1307002096095,56.64000000000001,25.92,290.78329891663805,77777.0,1800,0.0,0.0,0.0,251.5,0.6939429105929453,-1.830152253641254,0.225,0.525,101325,0.54,-1.2631600834563628,-0.40285956871626616,-3.024028263283778,1616.62641253522,2.8339564102512593,257.8689680454294,266.025,273.15,270.49635653769724,3.442661949558815,2.525,0,303.15,0,288.15,0,0.0,0,294.15
2700,0.0,0.0,0.0,0.0,305.68817395445626,56.64000000000001,25.92,290.57540184938705,77777.0,2700,0.0,0.0,0.0,252.25,0.6939429105929453,-1.830152253641254,0.2625,0.6125,101325,0.555,-1.2410420194704312,-0.40284626580061,-2.958598818633643,2516.3458607762345,2.811838346265328,258.1732867435906,266.28749999999997,273.15,270.58580120952325,3.492840165553652,2.6624999999999996,0,303.15,0,288.15,0,0.0,0,294.15
3600,0.0,0.0,0.0,0.0,316.77010563834216,56.64000000000001,25.92,290.405097251807,77777.0,3600,0.0,0.0,0.0,253.0,0.6939429105929453,-1.830152253641254,0.30000000000000004,0.7000000000000001,101325,0.5700000000000001,-1.2117031187437468,-0.40283294927680513,-2.893169371920129,3416.0653373907476,2.7824994455386434,258.4543868019217,266.54999999999995,273.15,270.67504560460424,3.543018381548489,2.8,0,303.15,0,288.15,0,0.0,0,294.15
4500,0.0,0.0,0.0,0.0,326.54987602395124,56.64000000000001,25.92,290.25350131751645,77777.0,4500,0.0,0.0,0.0,253.734375,0.6939429105929453,-1.830152253641254,0.33671875,0.77953125,101325,0.58359375,-1.176783959610805,-0.4028196191455084,-2.827739923141181,4315.784842407003,2.7475802864057015,258.70741802638537,266.7857077205882,273.15,270.7557506746225,3.5806520435446165,2.93671875,0,303.15,0,288.15,0,0.0,0,294.15
5400,0.0,0.0,0.0,0.0,335.1804930971741,56.64000000000001,25.92,290.11571928585545,77777.0,5400,0.0,0.0,0.0,254.375,0.6939429105929453,-1.830152253641254,0.36875,0.84125,101325,0.59375,-1.1376691185977972,-0.40280627540737723,-2.762310472294748,5215.504375853241,2.7084654453926937,258.9103902015648,266.95772058823525,273.15,270.8159406005105,3.5931965975433258,3.0687499999999996,0,303.15,0,288.15,0,0.0,0,294.15
6300,0.0,0.0,0.0,0.0,342.79698593162954,56.64000000000001,25.92,289.98794564361145,77777.0,6300,0.0,0.0,0.0,254.828125,0.6939429105929453,-1.830152253641254,0.39140625,0.8823437500000001,101325,0.59953125,-1.095435371927116,-0.4027929180630699,-2.6968810193787736,6115.223937757698,2.6662316987220125,259.0436400104534,267.0508731617647,273.15,270.85016175272295,3.5806520435446165,3.1914062499999996,0,303.15,0,288.15,0,0.0,0,294.15
7200,0.0,0.0,0.0,0.0,349.51851726654303,56.64000000000001,25.92,289.8671004290895,77777.0,7200,0.0,0.0,0.0,255.0,0.6939429105929453,-1.830152253641254,0.4,0.9,101325,0.6,-1.0508888642530856,-0.4027795471132453,-2.631451564391207,7014.943528148608,2.621685191047982,259.0850159679427,267.04999999999995,273.15,270.8529351442124,3.543018381548489,3.3,0,303.15,0,288.15,0,0.0,0,294.15
8100,0.0,0.0,0.0,0.0,355.4502478501846,56.64000000000001,25.92,289.75094633872163,77777.0,8100,0.0,0.0,0.0,255.0,0.6939429105929453,-1.830152253641254,0.4,0.8825,101325,0.59390625,-1.0046258035412783,-0.40276616255856285,-2.5660221073299936,7914.663147054198,2.575422130336175,259.0558309857366,266.92881433823527,273.15,270.8168658855802,3.4614787805568787,3.4,0,303.15,0,288.15,0,0.0,0,294.15
9000,0.0,0.0,0.0,0.0,360.68498171717476,56.64000000000001,25.92,289.6379909290488,77777.0,9000,0.0,0.0,0.0,255.0,0.6939429105929453,-1.830152253641254,0.4,0.8400000000000001,101325,0.58375,-0.957088448413522,-0.4027527643996826,-2.5005926481930816,8814.382794502695,2.5278847752084186,259.0078474690816,266.7297794117647,273.15,270.7566773659546,3.342305517569141,3.5,0,303.15,0,288.15,0,0.0,0,294.15
9900,0.0,0.0,0.0,0.0,365.30461814061334,56.64000000000001,25.92,289.5273090601959,77777.0,9900,0.0,0.0,0.0,255.0,0.6939429105929453,-1.830152253641254,0.4,0.8025000000000001,101325,0.57421875,-0.9086088055461685,-0.40273935263726546,-2.4351631869784183,9714.102470522323,2.479405132341065,258.96224350561585,266.54085477941175,273.15,270.70010955967155,3.223132254581403,3.6,0,303.15,0,288.15,0,0.0,0,294.15
10800,0.0,0.0,0.0,0.0,369.3814329753342,56.64000000000001,25.92,289.4183630195504,77777.0,10800,0.0,0.0,0.0,255.0,0.6939429105929453,-1.830152253641254,0.4,0.8,101325,0.5700000000000001,-0.8594404936344828,-0.4027259272719727,-2.3697337236839524,10613.822175141297,2.4302368204293794,258.94029223726903,266.45,273.15,270.67504560460424,3.141592653589793,3.7,0,303.15,0,288.15,0,0.0,0,294.15
11700,0.0,0.0,0.0,0.0,372.97920943935884,56.64000000000001,25.92,289.31078136787596,77777.0,11700,0.0,0.0,0.0,255.0,0.6939429105929453,-1.830152253641254,0.4,0.8250000000000001,101325,0.5700000000000001,-0.8097813521304631,-0.40271248830446654,-2.3043042583076305,11513.541908387831,2.3805776789253597,258.9383662977717,266.44203124999996,273.15,270.67504560460424,3.108558661393192,3.8000000000000003,0,303.15,0,288.15,0,0.0,0,294.15
12600,0.0,0.0,0.0,0.0,376.15423602502807,56.64000000000001,25.92,289.2041662284106,77777.0,12600,0.0,0.0,0.0,255.0,0.6939429105929453,-1.830152253641254,0.4,0.8500000000000001,101325,0.5700000000000001,-0.7597893664090822,-0.40269903573540955,-2.2388747908474027,12413.26167029014,2.330585693203979,258.9381774747604,266.44124999999997,273.15,270.67504560460424,3.1036802237270273,3.9,0,303.15,0,288.15,0,0.0,0,294.15
13500,0.0,0.0,0.0,0.0,378.95618715248344,56.64000000000001,25.92,289.0985044865396,77777.0,13500,0.0,0.0,0.0,255.0,0.6939429105929453,-1.830152253641254,0.4,0.875,101325,0.5700000000000001,-0.7095939253430243,-0.4026855695654652,-2.1734453213012164,13312.981460876428,2.280390252137921,258.93904605260803,266.44484374999996,273.15,270.67504560460424,3.1177580009922456,3.9999999999999996,0,303.15,0,288.15,0,0.0,0,294.15
14400,0.0,0.0,0.0,0.0,381.4289003436377,56.64000000000001,25.92,288.99375274764725,77777.0,14400,0.0,0.0,0.0,255.0,0.6939429105929453,-1.830152253641254,0.4,0.9,101325,0.5700000000000001,-0.6593038590675766,-0.4026720897952974,-2.1080158496670225,14212.701280174897,2.230100185862473,258.94029223726903,266.45,273.15,270.67504560460424,3.141592653589793,4.1,0,303.15,0,288.15,0,0.0,0,294.15
15300,0.0,0.0,0.0,0.0,383.6110620757948,56.64000000000001,25.92,288.8898535760568,77777.0,15300,0.0,0.0,0.0,255.21022727272728,0.6939429105929453,-1.830152253641254,0.409765625,0.92734375,101325,0.5700000000000001,-0.6090132595495592,-0.4026585964255708,-2.042586375942768,15112.421128213751,2.1798095863444558,258.9912623640954,266.4661956521739,273.15,270.67504560460424,3.1860706793885134,4.2111328125,0,303.15,0,288.15,0,0.0,0,294.15
16200,0.0,0.0,0.0,0.0,385.5368130453473,56.64000000000001,25.92,288.78679442965273,77777.0,16200,0.0,0.0,0.0,255.72727272727272,0.6939429105929453,-1.830152253641254,0.434375,0.95625,101325,0.5700000000000001,-0.5588057690390578,-0.4026450894569507,-1.9771569001264035,16012.141005021182,2.1296020958339543,259.1169773896715,266.4965217391304,273.15,270.67504560460424,3.2680062226522435,4.338020833333333,0,303.15,0,288.15,0,0.0,0,294.15
17100,0.0,0.0,0.0,0.0,387.23628231111377,56.64000000000001,25.92,288.68457313380486,77777.0,17100,0.0,0.0,0.0,256.3806818181818,0.6939429105929453,-1.830152253641254,0.466796875,0.98203125,101325,0.5700000000000001,-0.5087578037154232,-0.4026315688901031,-1.9117274222158789,16911.860910625383,2.07955413051032,259.2823901072037,266.52858695652174,273.15,270.67504560460424,3.387091413374423,4.4708984375,0,303.15,0,288.15,0,0.0,0,294.15
18000,0.0,0.0,0.0,0.0,388.7360586741795,56.64000000000001,25.92,288.58318651556743,77777.0,18000,0.0,0.0,0.0,257.0,0.6939429105929453,-1.830152253641254,0.5,1.0,101325,0.5700000000000001,-0.45894103277388965,-0.40261803472569446,-1.8462979422091441,17811.580845054545,2.029737359568786,259.45438147309414,266.54999999999995,273.15,270.67504560460424,3.543018381548489,4.6,0,303.15,0,288.15,0,0.0,0,294.15
18900,0.0,0.0,0.0,0.0,390.0596066691446,56.64000000000001,25.92,288.4826232677903,73485.55582450751,18900,0.0,0.0,0.0,257.5746753246753,0.6939429105929453,-1.830152253641254,0.5417968750000001,1.0,101325,0.5569791666666667,-0.4094243341834993,-0.40260448696439216,-1.7808684601041496,18711.300808336848,1.9802206609783959,259.587716246816,266.17860054347824,273.15,270.5975879725143,3.826693563202525,4.7170703125,0,303.15,0,288.15,0,0.0,0,294.15
19800,0.0,0.0,0.0,0.0,391.2276336751141,56.64000000000001,25.92,288.38286408176407,63918.39886535337,19800,0.0,0.0,0.0,258.237012987013,0.6939429105929453,-1.830152253641254,0.596875,1.0,101325,0.5269444444444444,-0.3602753813983146,-0.40259092560686394,-1.715438975898846,19611.020800500475,1.9310717081932112,259.7159234997834,265.35597826086956,273.15,270.4183432234843,4.256139992961005,4.8215625,0,303.15,0,288.15,0,0.0,0,294.15
20700,0.0,0.0,0.0,0.0,392.25841389000954,56.64000000000001,25.92,288.28395128536357,54036.29247352254,20700,0.0,0.0,0.0,259.03084415584414,0.6939429105929453,-1.830152253641254,0.653515625,1.0,101325,0.49343750000000003,-0.31156196960394955,-0.40257735065377837,-1.6500094895911837,20510.740821573607,1.882358296398846,259.9140470618384,264.55536684782606,273.15,270.21742537015774,4.7217246987119506,4.9152734375,0,303.15,0,288.15,0,0.0,0,294.15
21600,0.0,0.0,0.0,0.0,393.1680742368933,56.64000000000001,25.92,288.1859697072868,48800.0,21600,0.0,0.0,0.0,260.0,0.6939429105929453,-1.830152253641254,0.7000000000000001,1.0,101325,0.47000000000000003,-0.2633531584228299,-0.40256376210580463,-1.5845800011791145,21410.460871584415,1.8341494852177265,260.21758414799444,264.25,273.15,270.07628851459515,5.113814708343385,5.0,0,303.15,0,288.15,0,0.0,0,294.15
22500,0.003929412962259496,0.0,0.000994791031437694,37.52675027298535,392.8297002406924,56.64000000000001,25.92,288.1372814952089,48308.96524028764,22500,0.0,0.0,0.0,261.8308035714286,0.6939429105929453,-1.830152253641254,0.7013671875,1.0,101325,0.4576923076923077,-0.21572028558995004,-0.4025501599636125,-1.5191505106605898,22310.180950561065,1.7865166123848466,260.7813774840036,264.614375,273.6346875,270.4108066926202,5.3972227125937815,4.764945494186047,0,303.15,0,288.15,0,0.007205197757075058,0,294.2868987573844
23400,0.0037067523318471845,0.0,0.0008851349210954987,25.525584703427764,393.4824478569505,56.64000000000001,25.92,288.1541336570073,48750.3717048071,23400,0.0,0.0,0.0,264.8107142857143,0.6939429105929453,-1.830152253641254,0.6578125,1.0,101325,0.44940170940170937,-0.16873788972957837,-0.4025365442278724,-1.453721018033561,23209.901058531726,1.739534216524475,261.6236226467919,265.30499999999995,274.7175,271.26657399865053,5.5827687517633136,4.134021317829458,0,303.15,0,288.15,0,0.006711061763522804,0,294.2775101735069
24300,0.0018533593306462829,0.0,0.0002211123812954457,12.629830102444025,394.2458096915969,56.64000000000001,25.92,288.15425718195445,49216.59231692301,24300,0.372950819672131,0.16875,0.3899456521739129,268.3852678571429,0.6939429105929453,-1.830152253641254,0.6103515625,1.0,101325,0.44641025641025645,-0.1224845678163573,-0.40252291489925546,-1.3882915232959798,24109.621195524564,1.6932808946112539,262.52711754292056,266.018125,275.84156249999995,272.18290413903895,5.629830878082572,3.46108648255814,0,303.15,0,288.15,0,0.0033440282307560833,0,294.21353653638437
25200,0.0014112226032119422,0.0,0.0001281854736447479,9.602021407577666,394.9200373100225,56.64000000000001,25.92,288.14799452961836,48800.0,25200,1.5778688524590159,0.6166666666666667,1.6231884057971009,272.0,0.6939429105929453,-1.830152253641254,0.6000000000000001,1.0,101325,0.45,-0.07704378265294509,-0.4025092719784334,-1.322862026445799,25009.34136156773,1.6478401094478416,263.1436392363685,266.45,276.45,272.7133106174724,5.497787143782138,3.1,0,303.15,0,288.15,0,0.0025872654592462804,0,294.1991580437257
26100,0.004694597438400217,0.0,0.0014206379939312149,32.483522055767644,395.514302322146,56.64000000000001,25.92,288.1394453419219,47338.59336672165,26100,3.743852459016393,1.25625,3.794836956521738,276.10625,0.6939429105929453,-1.830152253641254,0.6727957589285715,1.0,101325,0.46124125874125876,-0.03250462662726439,-0.4024956154660786,-1.2574325274809712,25909.061556689387,1.603300953422161,263.6302859389151,266.61681818181813,276.35947916666663,272.7181840820235,4.9872641821215,3.185968352347521,0,303.15,0,288.15,0,0.008607234959015067,0,294.31353746422127
27000,0.009799510514048638,0.0,0.006223636460910766,69.73481831788867,396.03944078127836,56.64000000000001,25.92,288.1370817902655,45555.123451578664,27000,7.0,2.0,7.0,281.0,0.6939429105929453,-1.830152253641254,0.8055803571428571,1.0,101325,0.4776689976689977,0.011037460705819235,-0.40248194536286414,-1.192003026399449,26808.781780917678,1.5597588660890773,264.6177677712864,266.7548484848485,275.9519444444444,272.4923186072295,4.1097305054213695,3.4997915752523037,0,303.15,0,288.15,0,0.01790056203517987,0,294.4901106786684
27900,0.014614656127073522,0.0,0.013960921683907954,106.6526070676208,396.5032325494569,56.64000000000001,25.92,288.14018626988184,43869.09181064635,27900,19.42699795081967,10.068439716312058,19.29594694178335,285.89375,0.6939429105929453,-1.830152253641254,0.9355747767857143,1.0,101325,0.49526223776223777,0.05348003266950485,-0.4024682616694636,-1.1265735231991854,27708.502034280755,1.5173162941253917,266.18482164021174,266.89045454545453,275.5184375,272.24685904253425,3.1408269845041747,3.8637190105309345,0,303.15,0,288.15,0,0.026628803816944692,0,294.6559472725219
28800,0.015907707590445772,0.0,0.016587713336674775,116.6451045319566,396.91274124355255,56.64000000000001,25.92,288.1516150135371,42700.0,28800,42.96106557377048,28.24917257683215,43.20223532301646,290.0,0.6939429105929453,-1.830152253641254,1.0,1.0,101325,0.51,0.09471305431587274,-0.4024545643865514,-1.061144017878134,28608.222316806758,1.4760832724790238,267.3149452825359,267.04999999999995,275.34999999999997,272.2028449661345,2.356194490192345,4.1,0,303.15,0,288.15,0,0.02890216479745827,0,294.6991411311517
29700,0.21787308048830017,0.0,10.756716963457718,1818.2484108294452,457.2943455175049,566.4000000000001,259.20000000000005,294.2200895491787,42352.63867178103,29700,68.51460040983605,49.805319148936164,70.50740604274134,291.243359375,0.6939429105929453,-1.830152253641254,0.9904017857142858,1.0,101325,0.5202681107954545,0.13461843198609325,-0.40244085351480235,-0.9957145104342479,29507.94262852383,1.4361778948088033,267.2799000762497,267.3151357323232,275.4521875,272.35919348876985,1.81765576420249,3.9662707086976527,0,297.15,0,294.15,0,0.39589920626077435,0,301.6720849189547
30600,0.2025569523775046,0.0,8.64391488813781,1578.3938353018323,512.2478969791188,566.4000000000001,259.20000000000005,294.18608560926253,42794.49116822767,30600,87.0,68.0,93.0,289.615625,0.6939429105929453,-1.830152253641254,0.9553571428571429,1.0,101325,0.5262452651515152,0.17306969721923604,-0.4024271290548922,-0.9302850008654812,30407.662969460107,1.3977266295756605,266.8707479596282,267.66839225589223,275.6530555555555,272.57182867041604,1.4232603617180537,3.54684767602393,0,297.15,0,294.15,0,0.36806421149036084,0,301.1432200183168
31500,0.19076113741971762,0.0,7.22002546748139,1402.2784595687688,560.7655979423382,566.4000000000001,259.20000000000005,294.17483981715884,43939.09808056048,31500,98.7647925204918,63.794652484951875,102.13130763150961,287.430078125,0.6939429105929453,-1.830152253641254,0.9176339285714287,1.0,101325,0.5265997869318182,0.20993190105834003,-0.4024133910074971,-0.8648554891697886,31307.38333964372,1.3608644257365565,266.58526580431317,267.9874526515151,275.97739583333333,272.85249658353916,1.202989373761713,3.1540008053382422,0,297.15,0,294.15,0,0.346686032007875,0,300.7370346081496
32400,0.18250016827008714,0.0,6.322063117029127,1285.0502052159673,603.6011789256809,566.4000000000001,259.20000000000005,294.16749519276055,45700.0,32400,108.6173155737705,38.18408511353597,102.00100114165276,287.0,0.6939429105929453,-1.830152253641254,0.9,1.0,101325,0.52,0.24506178705682258,-0.40239963937329404,-0.799425975345124,32207.103739102797,1.325734539738074,266.7871301331528,268.15,276.45,273.2108624522956,1.1868238913561442,3.1,0,297.15,0,294.15,0,0.33171104353985753,0,300.45250982725724
33300,0.17622560599405393,0.0,5.692146350578692,1198.8687936755462,641.4201016097117,566.4000000000001,259.20000000000005,294.1645517600042,48379.58692971363,33300,114.16118084016394,14.481475185352089,103.37019408096953,291.22280649038464,0.6939429105929453,-1.830152253641254,0.9265625000000001,1.0,101325,0.4808740234375,0.278308321909815,-0.40238587415296045,-0.7339964593894428,33106.82416786546,1.2924880048850815,267.9628502753193,267.6865327380952,277.32,273.66362039438525,1.9835248893635913,4.199528598886532,0,297.15,0,294.15,0,0.3203174546184814,0,300.2360316377511
34200,0.17014394703513713,0.0,5.1229312776263765,1117.4188183807798,674.8098944271829,566.4000000000001,259.20000000000005,294.1653124713247,52080.33552583662,34200,113.0,16.0,117.0,298.7920673076923,0.6939429105929453,-1.830152253641254,0.9791666666666666,1.0,101325,0.4061848958333333,0.30951366936258107,-0.4023720953471746,-0.6685669413006984,34006.54462595984,1.2612826574323155,269.8521380138081,266.54556878306875,278.53999999999996,274.09173475598647,3.6081780003640187,6.3708974019088025,0,297.15,0,294.15,0,0.30925230581922514,0,300.02579381056523
35100,0.16118474372539246,0.0,4.355555490537475,999.9536609611232,704.2893276024273,566.4000000000001,259.20000000000005,294.179056313306,56415.91635904131,35100,107.58984375,128.85317111704688,160.50194903935892,305.71529447115387,0.6939429105929453,-1.830152253641254,1.0,1.0,101325,0.3284033203125,0.3385146928007585,-0.4023583029566151,-0.6031374210768479,34906.26511341404,1.232281633994138,271.0668369132662,265.2318204365079,279.69,274.3545393818215,5.200251301956681,8.581817503976671,0,297.15,0,294.15,0,0.29286078567037693,0,299.71435492773713
36000,0.1431593830830228,0.0,3.0555496802175766,784.0530569514553,730.3162457720564,566.4000000000001,259.20000000000005,294.2025148430496,61000.0,36000,101.96875,355.87497169286127,229.65804717922313,308.0,0.6939429105929453,-1.830152253641254,1.0,1.0,101325,0.28,0.3651450609728417,-0.4023444969819617,-0.5377078987158465,35805.985630256175,1.2056512658220548,271.454397348842,264.25,280.34999999999997,274.4307518040413,5.899212871740834,9.8,0,297.15,0,294.15,0,0.2599386098316573,0,299.08883358680146
36900,0.11574197863730837,0.0,1.6409566958212798,507.9718082839616,753.2951007415434,566.4000000000001,259.20000000000005,294.2237016419279,67597.25669229488,36900,96.11328125,595.4592864222452,302.4851217294758,304.24429086538464,0.6939429105929453,-1.830152253641254,0.92578125,0.9927083333333334,101325,0.25882146661931815,0.3892380057556948,-0.40233067742389433,-0.47227837421564917,36705.706176514366,1.1815583210392018,270.0347335252907,263.60987293956043,280.5504807692308,274.38813749710175,5.759526269989032,10.127700407608696,0,297.15,0,294.15,0,0.2099585682740636,0,298.13921279720716
37800,0.08558689724209645,0.0,0.7137082096759757,275.4991920595586,773.5828403954649,566.4000000000001,259.20000000000005,294.22542057545155,76337.1259443932,37800,90.0,746.0,357.0,297.5168269230769,0.6939429105929453,-1.830152253641254,0.8270833333333334,0.9722222222222222,101325,0.24224786931818185,0.4106297376697201,-0.4023168442830938,-0.40684884757421225,37605.426752216714,1.1601665891251765,268.469874111293,263.04894688644686,280.65961538461534,274.31648776719663,5.495703690373258,10.337817028985508,0,297.15,0,294.15,0,0.1551067226586009,0,297.0970277305134
38700,0.045706820753229335,0.0,0.15481499329252293,74.35099616279211,791.4947986357007,566.4000000000001,259.20000000000005,294.2634384664225,84380.43222429493,38700,83.75,815.2926845114345,393.9506917094625,290.5309495192308,0.6939429105929453,-1.830152253641254,0.71484375,0.940625,101325,0.23205033735795455,0.4291634630863941,-0.40230299756024135,-0.34141931878949267,38505.14735739131,1.1416328637085025,267.20287956573816,262.66354739010984,280.7639423076923,274.2981911565364,5.237286160591911,10.404025135869565,0,297.15,0,294.15,0,0.08232519838708036,0,295.7141787693545
39600,-2.513710563825984e-12,0.0,4.0664437750250066e-22,8.176338325881364e-10,807.3284865630081,566.4000000000001,259.20000000000005,294.45626503071105,88888.0,39600,77.5,874.2136174636174,426.5874553246122,286.0,0.6939429105929453,-1.830152253641254,0.6000000000000001,0.9,101325,0.23,0.44469386964529156,-0.40228913725601917,-0.275989787859447,39404.86799206626,1.126102457149605,266.44096098021805,262.54999999999995,280.95,274.4137236629069,5.113814708343385,10.3,0,297.15,0,294.15,0,0.0,0,294.15
40500,-6.227191244151236e-10,0.0,2.4955632995497925e-17,5.619604485420915e-07,821.3344173623052,566.4000000000001,259.20000000000005,294.9962253647672,88160.64125727878,40500,71.25,915.7777416839916,451.68049127745587,283.56850961538464,0.6939429105929453,-1.830152253641254,0.4703125,0.7546875000000001,101325,0.23455255681818185,0.4570918613234498,-0.40227526337110997,-0.21056025478203144,40304.58865626967,1.1137044654714467,266.0311513101301,262.8197115384615,281.22590144230765,274.6560415089267,5.0975040731609695,10.032421875,0,297.15,0,294.15,0,0.0,0,294.15
41400,1.3989471393589775e-23,6.752326156565531e-21,1.259466998142542e-44,0.0,833.6946065764752,566.4000000000001,259.20000000000005,295.6282409614116,84229.15333980336,41400,65.0,933.0,466.0,281.3317307692308,0.6939429105929453,-1.830152253641254,0.32500000000000007,0.4902777777777778,101325,0.24119318181818183,0.46624924527068834,-0.4022613759061969,-0.14513071955520432,41204.30935002961,1.1045470815242082,265.7126489048419,263.35641025641024,281.5216346153846,274.9334459242297,5.08313775210626,9.701041666666667,0,297.15,0,294.15,0,0.0,0,294.15
42300,9.085443168343617e-36,6.351947657066401e-33,5.312224436518793e-69,0.0,844.6024342008195,566.4000000000001,259.20000000000005,296.2509248561806,79849.33875242627,42300,58.75,935.6538113818043,472.0796089385475,279.67908653846155,0.6939429105929453,-1.830152253641254,0.1921875000000001,0.2307291666666667,101325,0.2472372159090909,0.47208301614616177,-0.4022474748619641,-0.07970118217692228,42104.030073374175,1.0987133106487348,265.27063349720913,263.91490384615383,281.8065504807692,275.19845169069146,5.084109909170112,9.419140625,0,297.15,0,294.15,0,0.0,0,294.15
43200,2.1893428465217796e-48,1.9903214957202038e-45,3.0846914951772724e-94,0.0,854.2285581704283,566.4000000000001,259.20000000000005,296.8384205693039,77777.0,43200,52.5,937.9371907118386,474.60614525139664,279.0,0.6939429105929453,-1.830152253641254,0.1,0.1,101325,0.25,0.4745388675537674,-0.40223356023909607,-0.01427164264514279,43003.75082633145,1.0962574592411292,264.74861441222856,264.25,282.04999999999995,275.402204033457,5.113814708343385,9.3,0,297.15,0,294.15,0,0.0,0,294.15
44100,0.03293263809651765,10.655762536181916,0.07532114681653818,0.0,862.515089077059,566.4000000000001,259.20000000000005,297.3719258245189,77777.0,44100,46.25,939.5019746859535,473.5796089385475,279.32421875,0.6939429105929453,-1.830152253641254,0.06819196428571428,0.0896875,101325,0.2496590909090909,0.4735935963772864,-0.402219632038278,0.05115789904217477,43903.47160892951,1.0972027304176102,264.5799965916376,264.36953124999997,282.21601562499995,275.51933895052804,5.195112242953487,9.3,0,297.15,0,294.15,0,0.061623509810934285,0,296.4105178822688
45000,0.12512807512947627,120.4863716895866,2.0554795229932474,0.0,870.0108639368019,566.4000000000001,259.20000000000005,297.2760113606112,77777.0,45000,40.0,940.0,469.0,280.09375,0.6939429105929453,-1.830152253641254,0.07767857142857142,0.09750000000000002,101325,0.24803030303030305,0.4692561561586388,-0.40220569026019587,0.11658744288707244,44803.19242119643,1.1015401706362578,264.8034798104912,264.4270833333333,282.321875,275.57990464549493,5.314069995365282,9.3,0,297.15,0,294.15,0,0.22811103659306148,0,294.4126675608832
45900,0.1511050458953612,170.77211235929548,3.5895869213921263,0.0,876.6294128459901,566.4000000000001,259.20000000000005,297.2092969148614,77777.0,45900,33.99158653846154,940.3765784361341,463.02971637301243,280.81640625,0.6939429105929453,-1.830152253641254,0.09832589285714284,0.10656249999999999,101325,0.24488636363636365,0.46156724897369017,-0.40219173490553617,0.1820169888915927,45702.913263160284,1.1092290778212064,265.111912812985,264.39609375,282.416796875,275.6172015124216,5.428893213125817,9.3,0,297.15,0,294.15,0,0.2751205985037381,0,293.8485528179551
46800,0.17352945579245924,224.08902492137125,5.434862805526992,0.0,882.4728479533885,566.4000000000001,259.20000000000005,297.2002709967435,77777.0,46800,28.39423076923077,940.7389509470617,455.6853889127632,281.0,0.6939429105929453,-1.830152253641254,0.1,0.1,101325,0.24,0.4505974989149715,-0.40217776597498606,0.24744653705777575,46602.63413484914,1.120198827879925,265.21794363472856,264.25,282.54999999999995,275.6641670802351,5.497787143782138,9.3,0,297.15,0,294.15,0,0.3158234746155603,0,293.36011830461325
47700,0.19247409688325956,274.85525219516865,7.416275296757085,0.0,887.6319386765467,566.4000000000001,259.20000000000005,297.19380273029543,77777.0,47700,23.099759615384617,939.4818479844585,443.74836699613235,280.43080357142856,0.6939429105929453,-1.830152253641254,0.07589285714285715,0.0746875,101325,0.229375,0.4364443959507416,-0.4021637834692334,0.31287608738766315,47502.35503629106,1.134351930844155,265.15499408375234,263.897817887931,282.86054687499995,275.77851811693245,5.459519620655641,9.3,0,297.15,0,294.15,0,0.3502296701866239,0,292.94724395776046
48600,0.20898077724885927,323.2592526596249,9.492661430010015,0.0,892.186829785749,566.4000000000001,259.20000000000005,297.1875798638794,77777.0,48600,18.0,935.0,424.0,279.48214285714283,0.6939429105929453,-1.830152253641254,0.045238095238095244,0.04416666666666668,101325,0.21333333333333332,0.419228310522445,-0.4021497873889666,0.3783056398832945,48402.0759675141,1.1515680162724515,265.0740599234369,263.3816810344827,283.309375,275.9294990024332,5.331745009538354,9.3,0,297.15,0,294.15,0,0.38020087115666124,0,292.58758954612006
49500,0.22252271728160947,365.6627575171554,11.460195724874271,0.0,896.2082805711055,566.4000000000001,259.20000000000005,297.1796011633368,77777.0,49500,13.484615384615385,919.7636480973931,397.8458998033217,278.5424107142857,0.6939429105929453,-1.830152253641254,0.016964285714285744,0.016562500000000004,101325,0.198125,0.3990879400437879,-0.40213577773487474,0.44373519454671023,49301.79692854632,1.1717083867511087,264.9125944321412,262.87470366379307,283.678515625,276.02531062595017,5.19099835668327,9.3,0,297.15,0,294.15,0,0.40476910149602996,0,292.2927707820476
50400,0.2323915959013578,397.9367114461866,13.053597768149992,0.0,899.758763831804,566.4000000000001,259.20000000000005,297.1705509826786,77777.0,50400,9.830769230769231,891.9157052712092,369.14932255244753,278.0,0.6939429105929453,-1.830152253641254,0.0,0.0,101325,0.19,0.3761755546132537,-0.4021217545076476,0.5091647513799508,50201.51791941577,1.1946207721816429,264.65224804954534,262.54999999999995,283.75,275.9870459969196,5.113814708343385,9.3,0,297.15,0,294.15,0,0.4226545458186888,0,292.0781454501757
51300,0.23890857422815273,419.91741251182464,14.182871908046174,0.0,902.8934360319939,566.4000000000001,259.20000000000005,297.16363955169,77777.0,51300,6.761538461538462,858.3599098094206,338.37808402534966,278.4185267857143,0.6939429105929453,-1.830152253641254,0.012500000000000004,0.012500000000000004,101325,0.188984375,0.3506523688072045,-0.4021077177079755,0.5745943103850558,51101.2389401505,1.220143957987692,264.6632627378183,262.4302895427286,283.59999999999997,275.8727889083149,5.154427481698697,8.589859375000001,0,297.15,0,294.15,0,0.4344627959247996,0,291.93644644890236
52200,0.243356451454686,435.2782419027577,14.989859532294773,0.0,905.6609941465173,566.4000000000001,259.20000000000005,297.15917678978496,77777.0,52200,4.0,826.0,306.0,279.58035714285717,0.6939429105929453,-1.830152253641254,0.05,0.05,101325,0.19062500000000002,0.3226842950570692,-0.40209366733654955,0.6400238715640646,52000.95999077855,1.2481120317378274,265.0179729313665,262.40663418290853,283.45,275.78690299289707,5.2740036042420675,7.0146250000000006,0,297.15,0,294.15,0,0.4425220948858291,0,291.83973486137
53100,0.24631581233643546,445.64035427931236,15.543393735323287,0.0,908.1044322589973,566.4000000000001,259.20000000000005,297.15608728637926,77777.0,53100,1.8223958333333332,794.1608746887597,272.73936361690534,280.70200892857144,0.6939429105929453,-1.830152253641254,0.08749999999999998,0.08749999999999998,101325,0.194453125,0.2924382496540381,-0.40207960339406124,0.7054534349190166,52900.68107132797,1.2783580771408585,265.33114442901257,262.45466173163413,283.29999999999995,275.723784715055,5.409478387695785,5.407078125,0,297.15,0,294.15,0,0.4478835929297791,0,291.7753968848426
54000,0.24806308728808207,451.7093932407149,15.876523276703526,0.0,910.2617093205102,566.4000000000001,259.20000000000005,297.1530857803398,77777.0,54000,0.5597222222222227,757.6397200572716,239.08053782689913,281.0,0.6939429105929453,-1.830152253641254,0.1,0.1,101325,0.2,0.26007910027964765,-0.402065525881203,0.7708830004519501,53800.40218182679,1.310717226515249,265.3499476691186,262.54999999999995,283.15,275.67794960497844,5.497787143782138,4.6,0,297.15,0,294.15,0,0.4510407987113724,0,291.73751041546353
54900,0.24841489052581478,452.6874718669902,15.944167407081164,0.0,912.1663388089484,566.4000000000001,259.20000000000005,297.14969159568767,77777.0,54900,0.017187500000000355,716.5487053971477,205.13144312344335,280.291015625,0.6939429105929453,-1.830152253641254,0.07968750000000001,0.07968750000000001,101325,0.207734375,0.2257672745964716,-0.40205143479866773,0.8363125681649044,54700.123322303036,1.345029052198425,265.0545343086199,262.81453804347825,283.0,275.6538004009691,5.467310377416744,5.189524512614678,0,297.15,0,294.15,0,0.4516596157269601,0,291.7300846112765
55800,0.24700283107131152,447.08439008500716,15.673816725433733,0.0,913.8479093154131,566.4000000000001,259.20000000000005,297.14441361025376,77777.0,55800,0.0,671.0,171.0,278.984375,0.6939429105929453,-1.830152253641254,0.04583333333333333,0.04583333333333333,101325,0.216875,0.18965699790177482,-0.402037330147149,0.9017421380599168,55599.844492784745,1.3811393288931217,264.6171369034416,263.24456521739125,282.84999999999997,275.6426753936632,5.307361740214532,6.651315366972478,0,297.15,0,294.15,0,0.4490559729535226,0,291.7613283245577
56700,0.242936345810277,431.7747375643546,14.912362596087705,0.0,915.3325442165358,566.4000000000001,259.20000000000005,297.13644788316543,77777.0,56700,2.2140625,559.0308796399821,132.84423159246575,277.185546875,0.6939429105929453,-1.830152253641254,0.014062500000000012,0.014062500000000012,101325,0.22507812500000002,0.15189509474271068,-0.40202321192734103,0.9671717101390261,56499.56569329994,1.4189012320521859,264.1481109645495,263.6273097826087,282.7,275.62029976772897,5.04627626394676,8.137448537844037,0,297.15,0,294.15,0,0.4416055848414228,0,291.8507329819029
57600,0.23420440760771094,400.26749840389084,13.361467608157938,0.0,916.6433077674634,566.4000000000001,259.20000000000005,297.1247710323823,77777.0,57600,6.8069444444444445,370.82250670840784,90.93792808219179,275.0,0.6939429105929453,-1.830152253641254,0.0,0.0,101325,0.23,0.1126202724138945,-0.4020090801399387,1.0326012844042707,57399.28692387665,1.458176054381002,263.8358026284259,263.75,282.54999999999995,275.5632979278781,4.71238898038469,8.8,0,297.15,0,294.15,0,0.4256562863346587,0,292.0421245639841
58500,0.2207265230126263,354.3878958055069,11.184911124093535,0.0,917.8005622997252,566.4000000000001,259.20000000000005,297.1120680719863,77777.0,58500,11.246354166666666,184.70288042262968,51.562660530821915,272.172265625,0.6939429105929453,-1.830152253641254,0.0,0.0,101325,0.2325,0.07196279973915676,-0.4019949347856375,1.0980308608576868,58299.00818454288,1.4988335270557398,263.37758248696997,263.49128475125417,282.12886513157895,275.2867296233386,3.799011146435798,8.755504587155963,0,297.15,0,294.15,0,0.40106394413919333,0,292.3372326703297
59400,0.20248081169891485,297.4374137859758,8.634169904983684,0.0,918.8222863229635,566.4000000000001,259.20000000000005,297.10442879749206,77777.0,59400,13.0,79.0,21.0,268.803125,0.6939429105929453,-1.830152253641254,0.0,0.0,101325,0.23500000000000001,0.030044498595441116,-0.40198077586513364,1.163460439501312,59198.72947532665,1.5407518281994554,262.5281346195365,262.99668687290966,281.3519736842105,274.751446077017,2.2783109954376117,8.621559633027523,0,297.15,0,294.15,0,0.3678551598658877,0,292.7357380816093
60300,0.18511798478302635,248.74232512176235,6.598038003480869,0.0,919.7243537208489,566.4000000000001,259.20000000000005,297.11031472630896,77777.0,60300,10.725,44.50208938953488,4.18359375,265.532421875,0.6939429105929453,-1.830152253641254,0.0,0.0,101325,0.23750000000000002,-0.013021025139835052,-0.4019666033791237,1.2288900203371826,60098.45079625596,1.5838173519347316,261.59592954873114,262.45374555811037,280.4990953947368,274.15594359587027,0.8969090238064658,8.301834862385322,0,297.15,0,294.15,0,0.3363269776182318,0,293.1140762685812
61200,0.16967596141208596,209.00211823425448,5.080774582336521,0.0,920.5207783985684,566.4000000000001,259.20000000000005,297.1141594347934,77777.0,61200,6.283333333333333,19.807412790697676,0.0,263.0,0.6939429105929453,-1.830152253641254,0.0,0.0,101325,0.24,-0.057127972776151115,-0.40195241732830533,1.2943196033673374,60998.172147358826,1.6279242995710477,260.88906888117407,262.04999999999995,279.84999999999997,273.70416980112697,0.4014257279586958,7.7,0,297.15,0,294.15,0,0.30827598914775256,0,293.4506881302269
62100,0.15636369509104248,177.64493045174726,3.9765749467338587,0.0,921.2239298372841,566.4000000000001,259.20000000000005,297.11971991223066,77777.0,62100,1.950000000000001,4.959029796511643,0.0,261.45,0.6939429105929453,-1.830152253641254,0.0,0.0,101325,0.2425,-0.10217781520526326,-0.4019382177133765,1.3597491885938096,61897.89352866325,1.6729741420001598,260.50451344055494,261.78922561813187,279.5078947368421,273.4748621939316,0.5977752688080579,6.925,0,297.15,0,294.15,0,0.2841071280702338,0,293.7407144631572
63000,0.14489213920086857,152.60808696210637,3.1669203460441495,0.0,921.8447317268934,566.4000000000001,259.20000000000005,297.1233920705592,77777.0,63000,0.0,0.0,0.0,260.4,0.6939429105929453,-1.830152253641254,0.0,0.0,101325,0.245,-0.14807866346611265,-0.4019240045350358,1.4251787760186378,62797.61494019722,1.7188749902610092,260.257104659439,261.57623626373623,279.29999999999995,273.34327494452305,0.7941248096574199,6.1499999999999995,0,297.15,0,294.15,0,0.2632716805820432,0,293.9907398330155
63900,0.13447263635523196,131.44048276124133,2.5384996924879895,0.0,922.3928284636039,566.4000000000001,259.20000000000005,297.1252052351355,77777.0,63900,0.0,0.0,0.0,259.4,0.6939429105929453,-1.830152253641254,0.0,0.0,101325,0.2475,-0.19474457323824867,-0.4019097777939828,1.4906083656438571,63697.33638198874,1.7655409000331452,260.0316073547852,261.4501287774725,279.09210526315786,273.2109996607635,0.9904743505067822,5.375,0,297.15,0,294.15,0,0.2443367750021404,0,294.2179586999743
64800,0.12406223029676128,111.73741535427041,2.004958431309756,0.0,922.8767349605051,566.4000000000001,259.20000000000005,297.12410735612445,77777.0,64800,0.0,0.0,0.0,258.0,0.6939429105929453,-1.830152253641254,0.0,0.0,101325,0.25,-0.2420947988553559,-0.4018955374909173,1.5560379574715018,64597.057854065795,1.8128911256502525,259.71283362737427,261.45,278.75,272.9783584527755,1.1868238913561442,4.6,0,297.15,0,294.15,0,0.22539933808715074,0,294.44520794295414
65700,-2.7683936269652232e-11,0.0,4.9321908426786617e-20,6.728777977972618e-08,863.0876785597421,56.64000000000001,25.92,296.82530262329465,77777.0,65700,0.0,0.0,0.0,255.84375,0.6939429105929453,-1.830152253641254,0.0,0.0,101325,0.2650558035714286,-0.2900530031334061,-0.4018812836265399,1.6214675515036092,65496.779356456376,1.8608493299283027,259.16772190951707,261.7244475446428,278.0910087719298,272.60901689579265,1.3831734322055063,3.8249999999999997,0,303.15,0,288.15,0,0.0,0,294.15
66600,1.4166446979284883e-12,6.831833929443433e-10,1.2915411463780437e-22,0.0,808.673591256075,56.64000000000001,25.92,296.5270404703339,77777.0,66600,0.0,0.0,0.0,253.25,0.6939429105929453,-1.830152253641254,0.0,0.0,101325,0.29598214285714286,-0.33854642050504036,-0.40186701620155196,1.6868971477422123,66396.50088918846,1.909342747299937,258.4802738438042,262.2476339285714,277.2133040935672,272.1838533679135,1.5795229730548683,3.05,0,303.15,0,288.15,0,0.0,0,294.15
67500,2.1956435304825275e-25,5.73887698392257e-23,3.1024874292941373e-48,0.0,760.6534003941181,56.64000000000001,25.92,296.23249872865176,77777.0,67500,0.0,0.0,0.0,250.78125,0.6939429105929453,-1.830152253641254,0.0,0.0,101325,0.3289174107142857,-0.3875049620903399,-0.4018527352166554,1.752326746189346,67296.22245229002,1.9583012888852365,257.8617836524682,262.7970033482143,276.40394736842103,271.80062895823073,1.7758725139042306,2.2749999999999995,0,303.15,0,288.15,0,0.0,0,294.15
68400,2.562318684157385e-38,1.8863585724599077e-36,4.225252354675896e-74,0.0,718.2757046290042,56.64000000000001,25.92,295.9756060945016,77777.0,68400,0.0,0.0,0.0,249.0,0.6939429105929453,-1.830152253641254,0.0,0.0,101325,0.35000000000000003,-0.43686024167617354,-0.40183844067255253,1.8177563468470448,68195.94404578903,2.00765656847107,257.5253798047239,263.15,275.95,271.59346783927634,1.9722220547535925,1.5,0,303.15,0,288.15,0,0.0,0,294.15
69300,8.718942319927392e-53,0.0,4.892310074381911e-103,2.4231428808798197e-50,680.8774963618544,56.64000000000001,25.92,295.7656024789167,77777.0,69300,0.0,0.0,0.0,247.9796875,0.6939429105929453,-1.830152253641254,0.0,0.0,101325,0.3583384486607143,-0.486544490142931,-0.4018241325699468,1.8831859497173442,69095.66566971347,2.0573408169378276,257.40073613882225,263.2914453125,275.7791294642857,271.51611623493955,2.1010764409359863,1.3314516129032261,0,303.15,0,288.15,0,0.0,0,294.15
70200,-6.493789822890196e-64,1.4703649618105316e-61,2.713831143162046e-125,0.0,647.8736730925273,56.64000000000001,25.92,295.56407674994847,77777.0,70200,0.0,0.0,0.0,247.3625,0.6939429105929453,-1.830152253641254,0.0,0.0,101325,0.36253348214285713,-0.536489311335917,-0.4018098109095419,1.9486155548022766,69995.38732409132,2.1072856381308136,257.27033671303724,263.3465625,275.6249007936508,271.4219907736359,2.1194842103906137,1.9588709677419356,0,303.15,0,288.15,0,0.0,0,294.15
71100,-1.5414913561943604e-76,5.588823598500798e-74,1.5292150135193082e-150,0.0,618.7478833591788,56.64000000000001,25.92,295.35882534626603,77777.0,71100,0.0,0.0,0.0,247.0640625,0.6939429105929453,-1.830152253641254,0.0,0.0,101325,0.3629617745535715,-0.5866242128541033,-0.4017954756920422,2.014045162103875,70895.1090089505,2.157420539649,257.12748592147847,263.3033984375,275.48322172619044,271.31128360631527,2.064260902026731,2.7568548387096774,0,303.15,0,288.15,0,0.0,0,294.15
72000,-1.8558356964637715e-89,9.11089508736796e-87,2.216488149044555e-176,0.0,593.0444483156505,56.64000000000001,25.92,295.1595227329874,77777.0,72000,0.0,0.0,0.0,247.0,0.6939429105929453,-1.830152253641254,0.0,0.0,101325,0.36,-0.6368748180059738,-0.40178112691815293,2.0794747716241733,71794.830724319,2.2076711448008703,256.96544058427514,263.15,275.34999999999997,271.18391097026574,1.9722220547535925,3.1,0,303.15,0,288.15,0,0.0,0,294.15
72900,6.142209142362042e-104,0.0,2.427926670349843e-205,1.251665683168048e-100,570.3612325441507,56.64000000000001,25.92,294.97365635081763,77777.0,72900,0.0,0.0,0.0,247.06316964285713,0.6939429105929453,-1.830152253641254,0.008593749999999999,0.008593749999999999,101325,0.35170898437500003,-0.6871606262454506,-0.4017667645885798,2.144904383365206,72694.5524702248,2.257956953040347,256.88868588443717,262.8106640625,275.22667410714286,271.0281761196637,1.8067325979899296,2.91768351356305,0,303.15,0,288.15,0,0.0,0,294.15
73800,6.350545133728181e-115,0.0,2.5954243776990114e-227,1.5388592823980946e-111,550.3433525656549,56.64000000000001,25.92,294.7995783915616,77777.0,73800,0.0,0.0,0.0,247.2267857142857,0.6939429105929453,-1.830152253641254,0.031249999999999997,0.031249999999999997,101325,0.33908854166666663,-0.7373921327398825,-0.40175238870402913,2.2103339973290015,73594.27424669577,2.308188459534779,256.9623151560473,262.31593749999996,275.1098214285714,270.8486459486123,1.5636417601920523,2.6232313049853375,0,303.15,0,288.15,0,0.0,0,294.15
74700,1.811745076174228e-127,0.0,2.1124213343863154e-252,5.073826147699654e-124,532.6776246164047,56.64000000000001,25.92,294.63260284446886,77777.0,74700,0.0,0.0,0.0,247.52700892857143,0.6939429105929453,-1.830152253641254,0.06328124999999998,0.06328124999999998,101325,0.326923828125,-0.7874670343166956,-0.4017379992652079,2.2757636135175976,74493.99605375994,2.358263361111592,257.11698783316893,261.81324218749995,274.9880580357143,270.6691122311621,1.3284915288255827,2.317163443914956,0,303.15,0,288.15,0,0.0,0,294.15
75600,3.230186725922449e-140,0.0,6.71493204281739e-278,1.0241037934971372e-136,517.0876648248498,56.64000000000001,25.92,294.46855301980736,77777.0,75600,0.0,0.0,0.0,248.0,0.6939429105929453,-1.830152253641254,0.1,0.1,101325,0.32,-0.83726512547788,-0.4017235962728238,2.3411932319330218,75393.71789144521,2.4080614522727766,257.2983487618958,261.45,274.84999999999997,270.51293740938013,1.1868238913561442,2.1,0,303.15,0,288.15,0,0.0,0,294.15
76500,3.7347491523118946e-153,0.0,8.976545577666134e-304,1.3189658680322602e-149,503.32956513031553,56.64000000000001,25.92,294.30103678219035,77777.0,76500,0.0,0.0,0.0,248.8021978021978,0.6939429105929453,-1.830152253641254,0.15742187500000002,0.15742187500000002,101325,0.3210168850806452,-0.8866413051154982,-0.4017091797275851,2.4066228525773075,76293.43975977952,2.4574376319103948,257.5784000625876,261.2107161458333,274.6421164772727,270.3552541497328,1.1678747169175567,2.0319015248144714,0,303.15,0,288.15,0,0.0,0,294.15
77400,9.979894086305303e-167,0.0,0.0,3.8765011031186183e-163,491.1880772922727,56.64000000000001,25.92,294.12488714258353,77777.0,77400,0.0,0.0,0.0,249.9010989010989,0.6939429105929453,-1.830152253641254,0.240625,0.240625,101325,0.3279200268817204,-0.9354158459959878,-0.40169474963020074,2.472052475452487,77193.1616587908,2.5062121727908844,257.884096316301,261.0562847222222,274.35397727272726,270.1721894710881,1.20270510421896,2.0992752782931356,0,303.15,0,288.15,0,0.0,0,294.15
78300,-8.17806772552894e-179,1.0363510859755056e-175,0.0,0.0,480.4732452882637,56.64000000000001,25.92,293.94194458361034,77777.0,78300,0.0,0.0,0.0,251.04945054945054,0.6939429105929453,-1.830152253641254,0.32851562500000003,0.32851562500000003,101325,0.3383631552419355,-0.9833606959125407,-0.4016803059813802,2.5374821005605903,78092.88358850701,2.5541570227074373,258.10634638423824,261.09871093749996,274.03884943181816,269.98852057746683,1.2295948850889555,2.292011392625232,0,303.15,0,288.15,0,0.0,0,294.15
79200,-2.616428518493594e-191,3.568031858182774e-188,0.0,0.0,471.01743341367523,56.64000000000001,25.92,293.7565340795863,77777.0,79200,0.0,0.0,0.0,252.0,0.6939429105929453,-1.830152253641254,0.4,0.4,101325,0.35000000000000003,-1.0301800677883182,-0.40166584878183376,2.6029117279036496,78992.60554895607,2.6009763945832147,258.2777811977377,261.45,273.75,269.83074420482916,1.1868238913561442,2.6,0,303.15,0,288.15,0,0.0,0,294.15
80100,-5.068067353211034e-204,7.364589449542467e-201,0.0,0.0,462.67270358737926,56.64000000000001,25.92,293.57211616448797,77777.0,80100,0.0,0.0,0.0,252.33894230769232,0.6939429105929453,-1.830152253641254,0.42226562500000003,0.42226562500000003,101325,0.36545830055074746,-1.0754829991810522,-0.4016513780322722,2.6683413574836936,79892.32754016588,2.6462793259759487,258.3481502238035,262.00895647321425,273.5633465141277,269.77704532010216,1.0872764921968217,3.8458300627943487,0,303.15,0,288.15,0,0.0,0,294.15
81000,-6.8920418719388055e-217,1.057203729356178e-213,0.0,0.0,455.30850083065843,56.64000000000001,25.92,293.3859287778689,77777.0,81000,0.0,0.0,0.0,252.1346153846154,0.6939429105929453,-1.830152253641254,0.403125,0.403125,101325,0.3881038552321007,-1.1187452372816424,-0.40163689373340705,2.7337709893027538,80792.04956216436,2.689541564076539,258.3032531284076,262.58916170634916,273.4602119164619,269.83402894867635,0.9860867866927407,6.11830193615908,0,303.15,0,288.15,0,0.0,0,294.15
81900,-5.175697219138617e-230,8.29438025201257e-227,0.0,0.0,448.80961070827254,56.64000000000001,25.92,293.2037061581707,77777.0,81900,0.0,0.0,0.0,251.86298076923077,0.6939429105929453,-1.830152253641254,0.38242187499999997,0.38242187499999997,101325,0.41669748229740367,-1.1592587526229847,-0.40162239588595033,2.799200623362861,81691.77161497946,2.7300550794178813,258.24596083400337,263.1747860863095,273.3519713605651,269.9212839763129,0.8849092015306874,8.30662284144427,0,303.15,0,288.15,0,0.0,0,294.15
82800,4.6362033790466183e-243,0.0,0.0,2.5634210925800573e-239,443.0743567754149,56.64000000000001,25.92,293.0263397747536,77777.0,82800,0.0,0.0,0.0,252.0,0.6939429105929453,-1.830152253641254,0.4,0.4,101325,0.45,-1.1960720507887586,-0.40160788449061485,2.8646302596660433,82591.49369863905,2.766868377583655,258.2819203247749,263.75,273.15,269.9554609174555,0.7853981633974483,9.3,0,303.15,0,288.15,0,0.0,0,294.15
83700,2.722473301088173e-255,0.0,0.0,1.5515447341866917e-251,438.0130098292562,56.64000000000001,25.92,292.83239715666133,65811.84375,83700,0.0,0.0,0.0,253.95192307692307,0.6939429105929453,-1.830152253641254,0.521875,0.521875,101325,0.5176371951219513,-1.22793865971268,-0.40159335954811387,2.9300598982143318,83491.21581317107,2.7987349865075766,258.2903584801972,264.3147321428571,272.37644787644786,269.69388964155456,0.6702064327658225,9.06868444055944,0,303.15,0,288.15,0,0.0,0,294.15
84600,6.322393281573972e-268,0.0,0.0,3.7249618291498636e-264,433.54638407749525,56.64000000000001,25.92,292.5812844880548,39488.50000000001,84600,0.0,0.0,0.0,257.53846153846155,0.6939429105929453,-1.830152253641254,0.7250000000000001,0.7250000000000001,101325,0.6234552845528455,-1.2533211837935516,-0.4015788210591616,2.995489539009755,84390.9379586034,2.824117510588448,258.5472630795906,264.8745535714285,270.998906048906,269.059735542937,0.544348801149787,8.52418414918415,0,303.15,0,288.15,0,0.0,0,294.15
85500,1.0184420178990689e-280,0.0,0.0,6.216725968924412e-277,429.604598260691,56.64000000000001,25.92,292.2909825380088,13165.156250000022,85500,0.0,0.0,0.0,260.8557692307692,0.6939429105929453,-1.830152253641254,0.915625,0.915625,101325,0.7275457317073171,-1.2705365997692581,-0.40156426902447256,3.0609191820543415,85290.66013496395,2.8413329265641547,259.7669339252114,265.4220982142857,269.59691119691115,268.3003480395066,0.443022741797894,7.9675917832167835,0,303.15,0,288.15,0,0.0,0,294.15
86400,1.1176360238154248e-293,0.0,0.0,7.038847078068558e-290,426.12598234588467,56.64000000000001,25.92,292.01627583886363,1200.0,86400,0.0,0.0,0.0,262.0,0.6939429105929453,-1.830152253641254,1.0,1.0,101325,0.79,-1.2781180441695068,-0.4015497034447621,3.126348827350118,86190.3823422806,2.8489143709644034,260.6399097771123,265.95,268.75,267.7977438996161,0.4014257279586958,7.7,0,303.15,0,288.15,0,0.0,0,294.15
87300,-1.8699369246e-313,3.6159698308612e-310,0.0,0.0,423.0561456514792,56.64000000000001,25.92,291.792641763825,1386.3661703012212,87300,0.0,0.0,0.0,261.1442307692308,0.6939429105929453,-1.830152253641254,1.0,1.0,101325,0.8094791666666667,-1.2753136703628392,-0.40153512432074606,3.191778474899117,87090.10458058128,2.8461099971577357,260.3803798242648,266.1771106350806,268.42532467532465,267.57715510951,0.4014257279586958,7.678069567627495,0,303.15,0,288.15,0,0.0,0,294.15
88200,-5e-324,9.76e-321,0.0,0.0,420.3469748340583,56.64000000000001,25.92,291.59382625459915,1796.9764541365894,88200,0.0,0.0,0.0,259.79487179487177,0.6939429105929453,-1.830152253641254,1.0,1.0,101325,0.8136111111111112,-1.2624096241021037,-0.40152053165314117,3.257208124703364,87989.82684989383,2.8332059508970002,260.06768684978016,265.94833669354836,268.1603896103896,267.3425540752614,0.4014257279586958,7.6642461197339244,0,303.15,0,288.15,0,0.0,0,294.15
89100,5e-324,0.0,0.0,3.331e-320,417.9561402480659,56.64000000000001,25.92,291.4020642485775,2209.098510903663,89100,0.0,0.0,0.0,258.0480769230769,0.6939429105929453,-1.830152253641254,1.0,1.0,101325,0.8059375,-1.240601697147941,-0.40150592544266445,3.322637776764887,88889.54915024615,2.8113980239428376,259.68308945461644,265.4453944052419,267.8902597402597,267.0508282485772,0.4014257279586958,7.668299611973393,0,303.15,0,288.15,0,0.0,0,294.15
90000,-5e-324,1.028e-320,0.0,0.0,415.846236368687,56.64000000000001,25.92,291.2084110189291,2400.0,90000,0.0,0.0,0.0,256.0,0.6939429105929453,-1.830152253641254,1.0,1.0,101325,0.79,-1.2115306462023412,-0.40149130569003383,3.3880674310857124,89789.27148166613,2.7823269729972377,259.2077528602353,264.84999999999997,267.54999999999995,266.65770694131817,0.4014257279586958,7.7,0,303.15,0,288.15,0,0.0,0,294.15
90900,5e-324,0.0,0.0,3.5444e-320,413.9842529398454,56.64000000000001,25.92,291.00785487165433,2371.2586319534807,90900,0.0,0.0,0.0,253.76171875,0.6939429105929453,-1.830152253641254,1.0,1.0,101325,0.7596323529411766,-1.176831560873063,-0.40147667239596774,3.45349708766787,90688.99384418165,2.7476278876679596,258.62434601586506,264.03962233582945,267.1528764204545,266.15233309931006,0.4014257279586958,7.805564024390244,0,303.15,0,288.15,0,0.0,0,294.15
91800,-5e-324,1.106e-320,0.0,0.0,412.3410585160786,56.64000000000001,25.92,290.8033721213694,2317.3092601491257,91800,0.0,0.0,0.0,251.44791666666666,0.6939429105929453,-1.830152253641254,1.0,1.0,101325,0.7179084967320262,-1.1378923680838917,-0.4014620255611854,3.5189267465133844,91588.71623782055,2.7086886948787883,257.979483796055,262.9867079493087,266.7546401515151,265.604167148211,0.4014257279586958,7.974390243902439,0,303.15,0,288.15,0,0.0,0,294.15
92700,5e-324,0.0,0.0,3.852e-320,410.8909446898893,56.64000000000001,25.92,290.59690981473585,2304.7052582702077,92700,0.0,0.0,0.0,249.16015625,0.6939429105929453,-1.830152253641254,1.0,1.0,101325,0.6822303921568628,-1.095796598170712,-0.40144736518640634,3.5843564076242824,92488.43866261073,2.6665929249656086,257.3516147870334,262.01543958813363,266.35408380681815,265.08525591038114,0.4014257279586958,8.131021341463414,0,303.15,0,288.15,0,0.0,0,294.15
93600,-5e-324,1.208e-320,0.0,0.0,409.6112238738428,56.64000000000001,25.92,290.38931252089355,2400.0,93600,0.0,0.0,0.0,247.0,0.6939429105929453,-1.830152253641254,1.0,1.0,101325,0.67,-1.0513574728229997,-0.40143269127235115,3.649786071002591,93388.16111858004,2.6221537996178963,256.8206740519687,261.45,265.95,264.6618822523973,0.4014257279586958,8.2,0,303.15,0,288.15,0,0.0,0,294.15
94500,5e-324,0.0,0.0,4.203e-320,408.4818743445538,56.64000000000001,25.92,290.1812046647807,2717.5824175824177,94500,0.0,0.0,0.0,244.98046875,0.6939429105929453,-1.830152253641254,1.0,1.0,101325,0.6837659846547315,-1.0051773619039488,-0.40141800381974074,3.7152157366503364,94287.88360575633,2.5759736886988454,256.36021980785085,261.2351841517857,265.52851562499995,264.3245897612411,0.4014257279586958,7.903124999999999,0,303.15,0,288.15,0,0.0,0,294.15
95400,-5e-324,1.3117e-320,0.0,0.0,407.48522699513757,56.64000000000001,25.92,289.97393113526863,3208.7912087912086,95400,0.0,0.0,0.0,243.09375,0.6939429105929453,-1.830152253641254,1.0,1.0,101325,0.7080818414322251,-0.9577034850393207,-0.4014033028292968,3.7806454045695435,95187.60612416748,2.5284998118342172,255.9013371023262,261.08995535714286,265.090625,264.00838994463203,0.4014257279586958,7.241666666666666,0,303.15,0,288.15,0,0.0,0,294.15
96300,5e-324,0.0,0.0,4.536e-320,406.60568889525155,56.64000000000001,25.92,289.7686423455438,3695.6043956043954,96300,0.0,0.0,0.0,241.41015625,0.6939429105929453,-1.830152253641254,1.0,1.0,101325,0.7333567774936062,-0.9092717031895261,-0.40138858830174157,3.846075074762238,96087.32867384132,2.4800680299844227,255.46073946463954,260.99974888392853,264.65742187499995,263.6947369911491,0.4014257279586958,6.559375,0,303.15,0,288.15,0,0.0,0,294.15
97200,-5e-324,1.408e-320,0.0,0.0,405.82949933371367,56.64000000000001,25.92,289.564790316364,4000.0,97200,0.0,0.0,0.0,240.0,0.6939429105929453,-1.830152253641254,1.0,1.0,101325,0.75,-0.8601385838584639,-0.40137386023779803,3.911504747230445,96987.05125480569,2.4309349106533604,255.05512857179016,260.95,264.25,263.3695437922946,0.4014257279586958,6.2,0,303.15,0,288.15,0,0.0,0,294.15
98100,5e-324,0.0,0.0,4.8473e-320,405.14451452689445,56.64000000000001,25.92,289.36476930022906,4092.894393741851,98100,0.0,0.0,0.0,239.1953125,0.6939429105929453,-1.830152253641254,1.0,1.0,101325,0.7591983695652174,-0.8105042108352079,-0.40135911863818974,3.9769344219761895,97886.77386708846,2.3813005376301044,254.8222113877522,260.9541015625,264.00763221153846,263.1720613379863,0.44315802620376243,6.175446428571429,0,303.15,0,288.15,0,0.0,0,294.15
99000,-5e-324,1.4965e-320,0.0,0.0,404.54001762456113,56.64000000000001,25.92,289.1794766923772,4093.87222946545,99000,0.0,0.0,0.0,238.9375,0.6939429105929453,-1.830152253641254,1.0,1.0,101325,0.7678985507246376,-0.7605282770800996,-0.4013443635036408,4.042364099001496,98786.49651071745,2.331324603874996,254.7763363998008,260.99531249999995,263.9495192307692,263.1471842923123,0.5447095595654361,6.217857142857143,0,303.15,0,288.15,0,0.0,0,294.15
99900,5e-324,0.0,0.0,5.1165e-320,404.0065510406418,56.64000000000001,25.92,289.00476002101556,4047.913950456323,99900,0.0,0.0,0.0,238.7109375,0.6939429105929453,-1.830152253641254,1.0,1.0,101325,0.775149456521739,-0.7103414725664128,-0.4013295948348761,4.107793778308387,99686.21918572049,2.2811377993613093,254.7492044134767,261.01386718749995,263.91664663461535,263.1411036693558,0.6706122859834278,6.251339285714286,0,303.15,0,288.15,0,0.0,0,294.15
100800,-5e-324,1.5726e-320,0.0,0.0,403.5357684856606,56.64000000000001,25.92,288.8283467600075,4000.0,100800,0.0,0.0,0.0,238.0,0.6939429105929453,-1.830152253641254,1.0,1.0,101325,0.78,-0.660053620047218,-0.4013148126326212,4.173223459898889,100585.94189212543,2.2308499468421146,254.5725266255805,260.95,263.75,262.9988893122353,0.7853981633974483,6.2,0,303.15,0,288.15,0,0.0,0,294.15
101700,5e-324,0.0,0.0,5.3744e-320,403.12030438583605,56.64000000000001,25.92,288.6405461920353,3842.754492546457,101700,0.0,0.0,0.0,236.837890625,0.6939429105929453,-1.830152253641254,1.0,1.0,101325,0.78225,-0.6097595683709809,-0.40130001689760203,4.238653143775024,101485.66462996008,2.1805558951658774,254.24288726341123,260.76847426470584,263.45504807692305,262.7248317477147,0.8856623560194847,6.079413555194805,0,303.15,0,288.15,0,0.0,0,294.15
102600,-5e-324,1.6536e-320,0.0,0.0,402.7536586458513,56.64000000000001,25.92,288.44730893034483,3531.2436185419647,102600,0.0,0.0,0.0,235.609375,0.6939429105929453,-1.830152253641254,1.0,1.0,101325,0.7826666666666666,-0.5595435347287911,-0.40128520763054537,4.304082829938816,102385.38739925227,2.1303398615236877,253.8818179139088,260.49926470588235,263.15,262.4346183929373,0.9888167154941648,5.9558170995671,0,303.15,0,288.15,0,0.0,0,294.15
103500,5e-324,0.0,0.0,5.6516e-320,402.4300949523678,56.64000000000001,25.92,288.25253604911944,3204.1109352664894,103500,0.0,0.0,0.0,234.326171875,0.6939429105929453,-1.830152253641254,1.0,1.0,101325,0.78175,-0.5094823681447687,-0.4012703848321787,4.3695125183922885,103285.11020002983,2.080278694939665,253.50846546687384,260.18042279411765,262.8449519230769,262.1398609116628,1.0906182309101609,5.829312094155845,0,303.15,0,288.15,0,0.0,0,294.15
104400,0.008236625887084797,0.0,0.00438776353029152,60.45007793985466,403.7927891332821,56.64000000000001,25.92,288.1061215725155,3000.0,104400,0.0,0.0,0.0,233.0,0.6939429105929453,-1.830152253641254,1.0,1.0,101325,0.78,-0.45964805821736476,-0.40125554850322986,4.434942209137463,104184.83303232056,2.0304443850122613,253.14198272863808,259.84999999999997,262.54999999999995,261.8520594910622,1.1868238913561442,5.7,0,303.15,0,288.15,0,0.015259696565473874,0,294.439934234744
105300,0.019816808767798892,0.0,0.026000166622392545,148.84479883253027,403.4738838196972,56.64000000000001,25.92,288.12762772900805,4436.367548114536,105300,0.0,0.0,0.0,231.353515625,0.6939429105929453,-1.830152253641254,1.0,1.0,101325,0.7734285714285715,-0.41010971310796185,-0.4012406986444275,4.500371902176364,105084.55589615228,1.9809060399028584,252.76792042822044,259.45512408088234,262.2638221153846,261.55758598792244,1.1758474066072735,5.549482548701299,0,303.15,0,288.15,0,0.036175069579080975,0,294.8373263220025
106200,0.029314390194317867,0.0,0.05877573550884531,230.91956174361923,403.0670629854906,56.64000000000001,25.92,288.1275727658888,7693.365670474103,106200,0.0,0.0,0.0,229.453125,0.6939429105929453,-1.830152253641254,1.0,1.0,101325,0.7611428571428571,-0.36093516307817697,-0.401225835256501,4.565801597511011,105984.27879155277,1.9317314898730735,252.37745245124526,258.9788602941176,261.98173076923075,261.24998726664813,1.0321077253720634,5.379301948051948,0,303.15,0,288.15,0,0.05344045070129605,0,295.1653685633246
107100,0.03788256442885842,0.0,0.10200702813071527,310.824349873899,402.7078763894908,56.64000000000001,25.92,288.13005166377326,10903.680957596618,107100,0.0,0.0,0.0,227.826171875,0.6939429105929453,-1.830152253641254,1.0,1.0,101325,0.7482857142857142,-0.31219229963706896,-0.4012109583401802,4.631231295143427,106884.00171854987,1.8829886264319655,251.99829163624312,258.5131663602941,261.7087740384615,260.9505366965487,0.8653696951392197,5.219470373376623,0,303.15,0,288.15,0,0.0690038846788824,0,295.46107380889873
108000,0.04561901030299652,0.0,0.15414458518345692,387.8167874521847,402.3907517822717,56.64000000000001,25.92,288.13192455301294,12200.0,108000,0.0,0.0,0.0,227.0,0.6939429105929453,-1.830152253641254,1.0,1.0,101325,0.74,-0.2639502283179036,-0.4011960678961957,4.696660995075633,107783.72467717135,1.8347465551128002,251.65832605474077,258.15,261.45,260.67939315845774,0.7853981633974483,5.1,0,303.15,0,288.15,0,0.08305834702867143,0,295.72810859354473
108900,0.052622694906024545,0.0,0.21384836435588772,461.4630633973842,402.1107650678747,56.64000000000001,25.92,288.13365994793236,11101.595809850527,108900,0.0,0.0,0.0,226.75,0.6939429105929453,-1.830152253641254,1.0,1.0,101325,0.7495267857142858,-0.2162802904251364,-0.4011811639252786,4.762090697309653,108683.44766744504,1.787076617220033,251.44772990506192,258.10475419207313,261.24296875,260.5105253907752,0.7853981633974483,5.187797619047619,0,303.15,0,288.15,0,0.09578130061521635,0,295.96984471168906
109800,0.0589862527280579,0.0,0.2799320693143029,531.6416822839051,401.8635676713274,56.64000000000001,25.92,288.1351014700672,9020.705709384954,109800,0.0,0.0,0.0,226.5,0.6939429105929453,-1.830152253641254,1.0,1.0,101325,0.7763571428571429,-0.16925699252768522,-0.4011662464281607,4.8275204018475035,109583.17068939868,1.7400533193225818,251.38005775752885,258.3605945121951,261.10625,260.45841394618856,0.7853981633974483,5.515079365079365,0,303.15,0,288.15,0,0.10734228738086252,0,296.1895034602364
110700,0.06477608416614868,0.0,0.35112951102784984,598.1861854524948,401.64531988921397,56.64000000000001,25.92,288.1364761341028,6929.462754226905,110700,0.0,0.0,0.0,226.25,0.6939429105929453,-1.830152253641254,1.0,1.0,101325,0.8050089285714286,-0.1229588698049513,-0.4011513154055744,4.89295010869121,110482.8937430601,1.6937551965998479,251.36848107714255,258.6611375762195,261.01640625,260.4552229617288,0.7853981633974483,5.909821428571428,0,303.15,0,288.15,0,0.11786046094573077,0,296.3893487579689
111600,0.0700149369133977,0.0,0.42567630209282525,660.6121864585473,401.45263152569777,56.64000000000001,25.92,288.1377811363792,5800.0,111600,0.0,0.0,0.0,226.0,0.6939429105929453,-1.830152253641254,1.0,1.0,101325,0.8200000000000001,-0.07746929902205002,-0.4011363708582529,4.958379817842789,111382.61682845706,1.6482656258169466,251.3266462049531,258.75,260.95,260.43435977908376,0.7853981633974483,6.2,0,303.15,0,288.15,0,0.12737734514981003,0,296.5701695578464
112500,0.07468019003232251,0.0,0.5009506716100208,717.9478654974237,401.28250934040005,56.64000000000001,25.92,288.13927606162525,5477.599889012209,112500,0.4218749999999998,0.0,0.0,225.75,0.6939429105929453,-1.830152253641254,1.0,1.0,101325,0.8083452743902438,-0.032877267793931075,-0.4011214127869298,5.0238095293042635,112282.33994561735,1.6036735945888276,251.24985332537622,258.52811174443264,260.92762784090905,260.3792266157278,0.7853981633974483,6.372794117647059,0,303.15,0,288.15,0,0.1358498050422286,0,296.7311462958023
113400,0.078739762133082,0.0,0.5738332597755557,769.189142138351,401.13231059969416,56.64000000000001,25.92,288.1406443375744,5164.794672586016,113400,3.0,0.0,3.0,225.5,0.6939429105929453,-1.830152253641254,1.0,1.0,101325,0.7784207317073171,0.010721901946746604,-0.40110644119233946,5.0892392430776505,113182.06309456873,1.56007442484815,251.18246870845906,258.160737009544,260.95284090909087,260.3173036492804,0.7853981633974483,6.521895424836601,0,303.15,0,288.15,0,0.14322231665846444,0,296.8712240165108
114300,0.08232063164483026,0.0,0.6442224238215253,815.4481309047941,400.999702051906,56.64000000000001,25.92,288.1416788923326,4869.592119866815,114300,7.699999999999999,0.3984375,8.084375000000001,225.25,0.6939429105929453,-1.830152253641254,1.0,1.0,101325,0.7467858231707318,0.053225887374065195,-0.40109145607521696,5.1546689591649715,114081.78627533898,1.5175704394208314,251.11212367857348,257.7879937698833,260.97663352272724,260.2486641199393,0.7853981633974483,6.635049019607843,0,303.15,0,288.15,0,0.14972662228360795,0,296.9948058233885
115200,0.08557347173292104,0.0,0.7134154026202886,858.3466644859243,400.8826236821346,56.64000000000001,25.92,288.1423146932334,4600.0,115200,13.700000000000001,1.3124999999999998,13.975000000000001,225.0,0.6939429105929453,-1.830152253641254,1.0,1.0,101325,0.73,0.09452477592254982,-0.40107645743629766,5.220098677568245,114981.50948795587,1.4762715508723467,251.02684053019942,257.54999999999995,260.95,260.17477231288535,0.7853981633974483,6.7,0,303.15,0,288.15,0,0.15563716130721678,0,297.10710606483707
116100,0.2714108750331474,0.0,20.79471101063893,2832.829544097972,460.7992510700128,566.4000000000001,259.20000000000005,294.1945646033347,4349.52205882353,116100,20.1,2.3203124999999996,20.128125000000004,224.75,0.6939429105929453,-1.830152253641254,1.0,1.0,101325,0.7438192904656319,0.13450058575363277,-0.4010614452763181,5.28552839828949,115881.23273244714,1.4362957410412638,250.91354649247842,257.60498641304343,260.8178977272727,260.0888404562541,0.8295849506167823,6.690546218487395,0,297.15,0,294.15,0,0.4933129146227544,0,303.5229453778323
117000,0.2622425985657727,0.0,18.75775558386237,2652.6438333562105,515.3423725173856,566.4000000000001,259.20000000000005,294.1680700466748,4111.176470588235,117000,26.0,3.0,26.0,224.5,0.6939429105929453,-1.830152253641254,1.0,1.0,101325,0.7781929046563193,0.1730269388990342,-0.40104641959601484,5.3509581213307245,116780.95600884059,1.3977693878958624,250.78567701186648,257.87054347826086,260.61590909090904,259.99339394932935,0.9366817399788971,6.5963585434173675,0,297.15,0,294.15,0,0.47669914547289105,0,303.2072837639849
117900,0.25723839360241785,0.0,17.704290217339498,2555.2816915647154,563.4977404416339,566.4000000000001,259.20000000000005,294.1595940273288,3892.2426470588234,117900,31.358333333333334,3.3671875,31.554166666666667,224.25,0.6939429105929453,-1.830152253641254,1.0,1.0,101325,0.810970066518847,0.20996894293927015,-0.4010313803961257,5.416387846693968,117680.67931716391,1.3608273838556264,250.67142889640573,258.1258288043478,260.4309659090909,259.90718240117155,1.0684931730399614,6.428991596638656,0,297.15,0,294.15,0,0.46764883836613375,0,303.0353279289565
118800,0.25427091599990037,0.0,17.098626129042692,2497.9866827086794,606.0134552468388,566.4000000000001,259.20000000000005,294.15619382903486,3700.0,118800,36.68888888888889,3.6875,37.09444444444444,224.0,0.6939429105929453,-1.830152253641254,1.0,1.0,101325,0.8200000000000001,0.24518334947304377,-0.40101632767738854,5.481817574381236,118580.40265744491,1.3256129773218528,250.5995226175244,258.15,260.34999999999997,259.85396172588725,1.1868238913561442,6.2,0,297.15,0,294.15,0,0.46227256067209854,0,302.93317865276987
119700,0.2521567984641958,0.0,16.67566642107403,2457.3725749684604,643.5499993989804,566.4000000000001,259.20000000000005,294.1545559088951,4031.9852941176473,119700,41.925000000000004,3.9140625,42.5875,223.625,0.6939429105929453,-1.830152253641254,1.0,1.0,101325,0.7915909090909091,0.27851906847533425,-0.40100126144054227,5.547247304394549,119480.1260297113,1.2922772583195623,250.49509038337766,257.73163602941173,260.34999999999997,259.7752837324748,1.302427532716086,5.871076127819549,0,297.15,0,294.15,0,0.4584387071972417,0,302.86033543674756
120600,0.2505483849315004,0.0,16.358594091148056,2426.6316381411934,676.6905023348143,566.4000000000001,259.20000000000005,294.1535830034765,4961.764705882353,120600,47.0,4.0,48.0,223.08333333333334,0.6939429105929453,-1.830152253641254,1.0,1.0,101325,0.7419696969696971,0.30981812468189607,-0.40098618168632627,5.612677036735927,120379.84943399085,1.2609782021130005,250.31576222898315,257.0160294117647,260.34999999999997,259.6376053595361,1.4282393964734195,5.445488721804511,0,297.15,0,294.15,0,0.4555200914273062,0,302.8048817371188
121500,0.2492295508158031,0.0,16.1016268535281,2401.5023915453435,705.9498007536201,566.4000000000001,259.20000000000005,294.15299287540034,5860.661764705883,121500,51.6640625,4.0,53.00892857142857,222.5,0.6939429105929453,-1.830152253641254,1.0,1.0,101325,0.6938636363636365,0.3389171422964483,-0.40097108841548057,5.678106771407381,121279.57287031127,1.2318791844984482,250.13983407975653,256.31740808823525,260.34999999999997,259.5038225425242,1.5293366165318036,4.997156954887218,0,297.15,0,294.15,0,0.4531258275529828,0,302.75939072350667
122400,0.24811608575000282,0.0,15.886781303624922,2380.365064251358,731.782436736259,566.4000000000001,259.20000000000005,294.1525332309774,6100.0,122400,55.798611111111114,4.0,57.41269841269841,222.0,0.6939429105929453,-1.830152253641254,1.0,1.0,101325,0.67,0.36564943384115356,-0.4009559816287458,5.743536508410929,122179.2963387003,1.205146892953743,250.0469706238812,255.95,260.34999999999997,259.43734526597206,1.5707963267948966,4.6,0,297.15,0,294.15,0,0.4511042360030366,0,302.7209804840577
123300,0.24714414245337285,0.0,15.700812194658482,2361.9365108103284,754.5897192275431,566.4000000000001,259.20000000000005,294.1522796480769,5635.304054054054,123300,59.533854166666664,4.0,61.36011904761905,221.8828125,0.6939429105929453,-1.830152253641254,1.0,1.0,101325,0.666546052631579,0.3898477439270269,-0.40094086132686324,5.808966247748589,123079.01983918567,1.1809485828678696,250.06350559107764,255.9175026260504,260.37578125,259.45194260416685,1.5293366165318036,4.314763354281225,0,297.15,0,294.15,0,0.4493385269900072,0,302.6874320128101
124200,0.2462789510296079,0.0,15.536494621768567,2345.620441565979,774.7259583797542,566.4000000000001,259.20000000000005,294.1519611750382,4960.810810810811,124200,63.0,4.0,65.0,222.10416666666666,0.6939429105929453,-1.830152253641254,1.0,1.0,101325,0.6649561403508772,0.41134765593144107,-0.400925727510575,5.8743959894223785,123978.7433717951,1.1594486708634555,250.11563229690643,255.96039915966384,260.41875,259.48786141809904,1.4282393964734195,4.144632102644671,0,297.15,0,294.15,0,0.4477676578237955,0,302.6575854986521
125100,0.24560271676844997,0.0,15.408865102099364,2333.009530828958,792.5039697160113,566.4000000000001,259.20000000000005,294.15141270930457,4255.912162162162,125100,66.0673828125,4.0,68.17174369747899,222.2734375,0.6939429105929453,-1.830152253641254,1.0,1.0,101325,0.6658881578947369,0.4299916080013475,-0.4009105801806234,5.9398257334343105,124878.46693655633,1.140804718793549,250.13342710723205,255.99809611344534,260.42734375,259.49854426980824,1.302427532716086,4.0771847996857815,0,297.15,0,294.15,0,0.4465418566073604,0,302.63429527553984
126000,0.24520980530688358,0.0,15.335030748656846,2325.864256977012,808.1999338103151,566.4000000000001,259.20000000000005,294.15063986537103,3700.0,126000,68.5546875,4.0,70.67226890756302,222.0,0.6939429105929453,-1.830152253641254,1.0,1.0,101325,0.67,0.44563338719425505,-0.40089541933775175,6.005255479786403,125778.19053349707,1.1251629396006415,250.0469706238812,255.95,260.34999999999997,259.43734526597206,1.1868238913561442,4.1,0,297.15,0,294.15,0,0.44583265301216085,0,302.620820407231
126900,0.24535813388512645,0.0,15.36287628501267,2329.3246181384056,822.0576866763728,566.4000000000001,259.20000000000005,294.1487835868166,3287.134712837838,126900,70.5146484375,4.0,72.58665966386555,221.04296875,0.6939429105929453,-1.830152253641254,1.0,1.0,101325,0.6760493421052631,0.4581428848060749,-0.4008802449827038,6.070685228480669,126677.91416264501,1.1126534419888217,249.81664129385956,255.78995535714284,260.15234375,259.2680733409515,1.0684931730399614,4.799953358208954,0,297.15,0,294.15,0,0.4461154878383856,0,302.6261942689293
127800,0.24635517990776426,0.0,15.550925771873203,2348.8715237464558,834.2925078266165,566.4000000000001,259.20000000000005,294.1470808157899,2912.314189189189,127800,72.0,4.0,74.0,219.65625,0.6939429105929453,-1.830152253641254,1.0,1.0,101325,0.6827105263157895,0.46741081536718143,-0.40086505711622417,6.136114979519127,127577.63782402789,1.1033855114277151,249.4939843369227,255.5910714285714,259.86875,259.0188137482131,0.9366817399788971,6.244402985074626,0,297.15,0,294.15,0,0.4479379809678635,0,302.6608216383894
128700,0.24765959339867682,0.0,15.799255424579671,2373.923114604227,845.094464943135,566.4000000000001,259.20000000000005,294.1468472547981,2606.3365709459463,128700,72.94921875,4.0,74.89338235294117,218.19140625,0.6939429105929453,-1.830152253641254,1.0,1.0,101325,0.6905164473684211,0.47335304372916465,-0.4008498557390578,6.201544732903788,128477.36151767339,1.097443283065732,249.14583355466846,255.42165178571426,259.55078125,258.739174596107,0.8295849506167823,7.641651119402985,0,297.15,0,294.15,0,0.4503101933960063,0,302.7058936745241
129600,0.24881553067032994,0.0,16.021516010547774,2395.9606221490085,854.6313660578297,566.4000000000001,259.20000000000005,294.14750781353536,2400.0,129600,73.265625,4.0,75.19117647058823,217.0,0.6939429105929453,-1.830152253641254,1.0,1.0,101325,0.7000000000000001,0.4759141466890411,-0.4008346408519505,6.266974488636669,129377.08524360921,1.0948821801058555,248.83898245088952,255.34999999999997,259.25,258.47903550873315,0.7853981633974483,8.2,0,297.15,0,294.15,0,0.4524070429291932,0,302.74573381565466
130500,0.2496731346109164,0.0,16.187753965949017,2412.382060228986,863.0513664467521,566.4000000000001,259.20000000000005,294.148009233277,2533.5546875,130500,72.94921875,4.0,74.89338235294117,216.07421875,0.6939429105929453,-1.830152253641254,1.0,1.0,101325,0.7144375,0.47506987022536284,-0.4008194124556484,6.332404246719783,130276.80900186306,1.0957264565695337,248.55028003935507,255.34999999999997,258.94921875,258.2302229288687,0.7853981633974483,7.925852272727272,0,297.15,0,294.15,0,0.4539638856134766,0,302.77531382665603
131400,0.2504803677398479,0.0,16.34527494405261,2428.011914508861,870.4852702828612,566.4000000000001,259.20000000000005,294.1480709729223,3010.7291666666665,131400,72.0,4.0,74.0,215.21875,0.6939429105929453,-1.830152253641254,1.0,1.0,101325,0.7338333333333332,0.4708282328902069,-0.40080417055089873,6.39783400715514,131176.53279246262,1.0999680939046896,248.2450803471615,255.34999999999997,258.63124999999997,257.9755622512364,0.7853981633974483,7.468939393939394,0,297.15,0,294.15,0,0.45543115353828284,0,302.80319191722737
132300,0.25123475955435604,0.0,16.493405312538396,2442.6233895816063,877.0485628761037,566.4000000000001,259.20000000000005,294.14825069798536,3507.5390624999995,132300,70.5146484375,4.0,72.58665966386555,214.50390625,0.6939429105929453,-1.830152253641254,1.0,1.0,101325,0.7538125,0.4632291593447775,-0.400788915138449,6.463263769944761,132076.2566154356,1.107567167450119,247.97287521628618,255.34999999999997,258.34765625,257.7529694433331,0.7853981633974483,7.002556818181818,0,297.15,0,294.15,0,0.45680150658639307,0,302.82922862514147
133200,0.2518836423074087,0.0,16.621531910017385,2455.1832957661536,882.8432046474874,566.4000000000001,259.20000000000005,294.14854391553007,3700.0,133200,68.5546875,4.0,70.67226890756302,214.0,0.6939429105929453,-1.830152253641254,1.0,1.0,101325,0.77,0.4523426828556414,-0.4007736462190475,6.528693535090656,132975.98047080965,1.1184536439392552,247.78315648870637,255.34999999999997,258.15,257.6020134192622,0.7853981633974483,6.7,0,297.15,0,294.15,0,0.45797934200537593,0,302.8516074981021
134100,0.25238265789347414,0.0,16.720516265635414,2464.8068892516953,887.9592150617246,566.4000000000001,259.20000000000005,294.14895879522584,3401.4676339285716,134100,66.0673828125,4.0,68.17174369747899,213.8453125,0.6939429105929453,-1.830152253641254,1.0,1.0,101325,0.7789375,0.43826590317939473,-0.400758363793443,6.594123302594837,133875.70435861248,1.1325304236155018,247.70891872574035,255.34999999999997,258.07265624999997,257.5488253603081,0.7853981633974483,6.538572214076247,0,297.15,0,294.15,0,0.4588838819011503,0,302.8687937561218
135000,0.2527151941980728,0.0,16.786695629670803,2471.2151852538336,892.4760710752023,566.4000000000001,259.20000000000005,294.14930324319386,2838.2886904761904,135000,63.0,4.0,65.0,213.9625,0.6939429105929453,-1.830152253641254,1.0,1.0,101325,0.7809999999999999,0.4211190001034797,-0.40074306786238506,6.659553072459315,134775.42827887172,1.1496773266914169,247.7171673660699,255.34999999999997,258.08124999999995,257.5620216215251,0.7853981633974483,6.390738025415445,0,297.15,0,294.15,0,0.4594864680361851,0,302.8802428926875
135900,0.25297213427768034,0.0,16.83794971069803,2476.2343737354868,896.463941800025,566.4000000000001,259.20000000000005,294.14938486966156,2305.965401785714,135900,59.533854166666664,4.0,61.36011904761905,214.0984375,0.6939429105929453,-1.830152253641254,1.0,1.0,101325,0.7775624999999999,0.4010406657311403,-0.40072775842662384,6.724982844686107,135675.15223161512,1.1697556610637563,247.75841056771768,255.34999999999997,258.12421874999995,257.59525684131785,0.7853981633974483,6.272534824046921,0,297.15,0,294.15,0,0.4599533320087334,0,302.8891133081659
136800,0.25327065858852255,0.0,16.897629856932337,2482.167593950174,899.9847785950166,566.4000000000001,259.20000000000005,294.14916710670207,2100.0,136800,55.798611111111114,4.0,57.41269841269841,214.0,0.6939429105929453,-1.830152253641254,1.0,1.0,101325,0.77,0.3781833261406975,-0.40071243548691005,6.79041261927722,136574.87621687027,1.192613000654199,247.78315648870637,255.34999999999997,258.15,257.6020134192622,0.7853981633974483,6.2,0,297.15,0,294.15,0,0.4604977669868704,0,302.8994575727505
137700,0.2537032483585124,0.0,16.98436198099902,2490.774521082174,903.093277480769,566.4000000000001,259.20000000000005,294.14882978050355,2225.089285714286,137700,51.6640625,4.0,53.00892857142857,213.70625,0.6939429105929453,-1.830152253641254,1.0,1.0,101325,0.74625,0.3527084832030618,-0.4006970990439951,6.855842396234668,137474.60023466486,1.2180878435918348,247.72720383176076,255.12812499999998,258.15,257.5451582892693,0.73000214015967,6.256342632955536,0,297.15,0,294.15,0,0.46128641765013256,0,302.9144419353525
138600,0.25426537868304067,0.0,17.09750907109874,2501.9250268635224,905.8377288414093,566.4000000000001,259.20000000000005,294.14853251198303,2427.857142857143,138600,47.0,4.0,48.0,213.35,0.6939429105929453,-1.830152253641254,1.0,1.0,101325,0.7066666666666668,0.32478243584104516,-0.40068174909863097,6.921272175560463,138374.32428502655,1.2460138909538514,247.60000379464933,254.62499999999997,258.15,257.45028788596164,0.6056777318101434,6.436268526591108,0,297.15,0,294.15,0,0.46231031976232323,0,302.93389607548414
139500,0.25492369770786005,0.0,17.230654794419028,2514.950546181011,908.2607676010201,566.4000000000001,259.20000000000005,294.1483455611714,2616.6964285714284,139500,41.925,3.9140625,42.5875,212.81875,0.6939429105929453,-1.830152253641254,1.0,1.0,101325,0.67125,0.29457255489557976,-0.40066638565157037,6.986701957256616,139274.048367983,1.2762237718993168,247.46282302412564,254.08437499999997,258.15,257.36528542949014,0.47522043039458106,6.623060156931125,0,297.15,0,294.15,0,0.4635083541401766,0,302.95665872866334
140400,0.2556224799851551,0.0,17.372738615508744,2528.7533435822934,910.4000355534827,566.4000000000001,259.20000000000005,294.1483021517499,2700.0,140400,36.68888888888889,3.6875,37.09444444444445,212.0,0.6939429105929453,-1.830152253641254,1.0,1.0,101325,0.66,0.2622442027048346,-0.40065100870356657,7.052131741325138,140173.77248356186,1.308552124090062,247.37771635059732,253.74999999999997,258.15,257.33826126364664,0.4014257279586958,6.7,0,297.15,0,294.15,0,0.4647790257014058,0,302.9808014883267
141300,0.25644346463155265,0.0,17.540665260663655,2545.1934934248798,912.2887661171862,566.4000000000001,259.20000000000005,294.14772587160525,2700.0,141300,31.35833333333333,3.3671875,31.554166666666667,211.0,0.6939429105929453,-1.830152253641254,1.0,1.0,101325,0.6675,0.22795831820182344,-0.4006356182553735,7.117561527768036,141073.49663179074,1.3428380085930731,247.2241984345356,253.59999999999997,258.02968749999997,257.2424833923573,0.5149448513904937,6.432441670185811,0,297.15,0,294.15,0,0.46627604704922726,0,303.0092448939353
142200,0.2575421670221121,0.0,17.767085426983037,2567.219879532765,913.9563006229794,566.4000000000001,259.20000000000005,294.1471418291419,2700.0,142200,26.0,3.0,26.0,210.0,0.6939429105929453,-1.830152253641254,1.0,1.0,101325,0.675,0.19186963600344598,-0.4006202143077457,7.182991316587326,141973.22081269734,1.3789266907914506,246.9060238979618,253.45,257.73749999999995,256.98347004375523,0.79412480965742,5.870069679054054,0,297.15,0,294.15,0,0.4682772043674575,0,303.04726688298166
143100,0.2588205087922234,0.0,18.03296805908419,2592.869456939952,915.4285441468924,566.4000000000001,259.20000000000005,294.1467691930312,2700.0,143100,20.099999999999998,2.546875,20.128124999999997,209.0,0.6939429105929453,-1.830152253641254,1.0,1.0,101325,0.6825,0.15412547426743317,-0.40060479686143824,7.2484211077850125,142872.94502630926,1.4166708525274634,246.5220451078167,253.29999999999998,257.3765625,256.65820990384367,1.0733047679243466,5.32266284839527,0,297.15,0,294.15,0,0.47060376629880935,0,303.09147155967736
144000,0.26023617326874793,0.0,18.33049301588953,2621.3925452695134,916.7283679231028,566.4000000000001,259.20000000000005,294.1464488754797,2700.0,144000,13.699999999999998,2.0,13.974999999999998,208.0,0.6939429105929453,-1.830152253641254,1.0,1.0,101325,0.6900000000000001,0.1148650087410048,-0.400589365917207,7.313850901363106,143772.66927265414,1.4559313180538918,246.1710532889719,253.14999999999998,257.04999999999995,256.36448849669114,1.1868238913561442,5.1,0,297.15,0,294.15,0,0.47317974643625504,0,303.14041518228885
144900,0.26184396585119485,0.0,18.672345039431555,2654.05323555319,917.8759646487892,566.4000000000001,259.20000000000005,294.145856667845,2700.0,144900,7.699999999999996,1.4531250000000002,8.084374999999998,206.953125,0.6939429105929453,-1.830152253641254,1.0,1.0,101325,0.6975,0.07421894571727305,-0.40057392147580845,7.379280697323618,144672.3935517596,1.4965773810776235,245.86949072013593,252.99999999999997,256.775,256.11892691443256,1.1150580143041877,5.296044921875,0,297.15,0,294.15,0,0.4761070275723463,0,303.1960335238746
145800,0.26366366103135974,0.0,19.064349351707786,2691.1613160528204,918.8891621829783,566.4000000000001,259.20000000000005,294.1454875118781,2700.0,145800,3.0,1.0,3.0,205.875,0.6939429105929453,-1.830152253641254,1.0,1.0,101325,0.705,0.03230951062059684,-0.40055846353799957,7.444710495668555,145572.1178636533,1.5384868161742997,245.56796953385407,252.84999999999997,256.5,255.8725481793812,0.9865276474851783,5.671484375,0,297.15,0,294.15,0,0.4794175769905935,0,303.25893396282123
146700,0.2655184982231772,0.0,19.469531571210943,2729.097443726504,919.7837005047007,566.4000000000001,259.20000000000005,294.14557188088577,2700.0,146700,0.421875,0.6328125,0.0,204.859375,0.6939429105929453,-1.830152253641254,1.0,1.0,101325,0.7125,-0.010749321796148736,-0.400542992104538,7.5101402963999275,146471.8422083628,1.5815456485910453,245.26648978229042,252.7,256.22499999999997,255.62536720040558,0.8577889706119777,6.036181640625,0,297.15,0,294.15,0,0.48278911548890246,0,303.3229931942891
147600,0.2672354935488624,0.0,19.84968285230795,2764.31862361242,920.5734762247575,566.4000000000001,259.20000000000005,294.14603989516974,2700.0,147600,0.0,0.3125000000000001,0.0,204.0,0.6939429105929453,-1.830152253641254,1.0,1.0,101325,0.72,-0.05485141781170588,-0.4005275071761822,7.575570099519745,147371.56658591577,1.6256477446066024,244.96505151772462,252.54999999999998,255.95,255.37739877389834,0.7853981633974483,6.2,0,297.15,0,294.15,0,0.4859076780205925,0,303.38224588239126
148500,0.26869028073666384,0.0,20.175626288336705,2794.2333610585947,921.2707584691864,566.4000000000001,259.20000000000005,294.1467365322765,2700.0,148500,0.0,0.08593750000000011,0.0,203.359375,0.6939429105929453,-1.830152253641254,1.0,1.0,101325,0.73046875,-0.09989794523212647,-0.400512008753691,7.6409999050300135,148271.2909963398,1.670694272027023,244.72388521067091,252.48382352941175,255.715625,255.17368043477074,0.7617220408779064,6.2,0,297.15,0,294.15,0,0.4885482216637935,0,303.43241621161206
149400,0.2698874401943939,0.0,20.446509382519753,2818.974392030429,921.8863794797597,566.4000000000001,259.20000000000005,294.1472945422052,2700.0,149400,0.0,0.0,0.0,202.875,0.6939429105929453,-1.830152253641254,1.0,1.0,101325,0.7445833333333333,-0.145796741382336,-0.400496496837824,7.706429712932736,149171.0154396625,1.7165930681772326,244.57548404821432,252.52352941176468,255.54999999999998,255.04260819738082,0.7476266491595766,6.2,0,297.15,0,294.15,0,0.490721415994478,0,303.47370690389505
150300,0.27089059390130926,0.0,20.675352830566005,2839.805804150379,922.429902895152,566.4000000000001,259.20000000000005,294.147714227408,2700.0,150300,0.0,0.0,0.0,202.453125,0.6939429105929453,-1.830152253641254,1.0,1.0,101325,0.75890625,-0.1924616146568381,-0.40048097142934147,7.771859523229929,150070.7399159115,1.7632579414517346,244.4782867813029,252.57647058823528,255.434375,254.95949992595348,0.7524170145601825,6.2,0,297.15,0,294.15,0,0.49254274534566805,0,303.5083121615677
151200,0.2717545498766299,0.0,20.873805176986945,2857.8339725192623,922.9097723228911,566.4000000000001,259.20000000000005,294.14800321582163,2700.0,151200,0.0,0.0,0.0,202.0,0.6939429105929453,-1.830152253641254,1.0,1.0,101325,0.77,-0.23981159544784747,-0.4004654325290041,7.837289335923596,150970.46442511433,1.810607922242744,244.3908025202226,252.54999999999998,255.34999999999997,254.8997919963497,0.7853981633974483,6.2,0,297.15,0,294.15,0,0.49411182246889745,0,303.53812462690905
152100,0.08676461834536088,0.0,0.7400562995158598,930.3654143888199,863.3190890247819,56.64000000000001,25.92,287.6260404442441,2700.0,152100,0.0,0.0,0.0,201.4765625,0.6939429105929453,-1.830152253641254,1.0,1.0,101325,0.7528536184210526,-0.28777014291395564,-0.4004498801375734,7.902719151015742,151870.18896729866,1.8585664697088522,244.27119786155276,252.190612745098,255.32059659090908,254.83773865633225,0.8763461798880903,6.2,0,303.15,0,288.15,0,0.16047247764507375,0,297.1989770752564
153000,0.10221960357502345,0.0,1.155586177609501,1093.1564935855322,809.0585373865216,56.64000000000001,25.92,288.13499578392765,2700.0,153000,0.0,0.0,0.0,200.9375,0.6939429105929453,-1.830152253641254,1.0,1.0,101325,0.7034429824561402,-0.3362643052112908,-0.40043431425581144,7.968148968508377,152769.91354249205,1.9070606320061874,244.12100609439952,251.50535947712416,255.34659090909088,254.76571832193488,1.0112001353742146,6.2,0,303.15,0,288.15,0,0.1860286026093338,0,297.68454344957735
153900,0.11110158444471185,0.0,1.4602724650017391,1225.9952191423065,761.1523577454558,56.64000000000001,25.92,288.13426034531585,2700.0,153900,0.0,0.0,0.0,200.4296875,0.6939429105929453,-1.830152253641254,1.0,1.0,101325,0.6498108552631578,-0.3852238219304829,-0.4004187348844811,8.033578788403501,153669.63815072208,1.9560201487253794,243.96442563167562,250.79242647058823,255.37428977272725,254.6864895691743,1.1335095368616297,6.2,0,303.15,0,288.15,0,0.20209807628782053,0,297.98986344946854
154800,0.11646101725704039,0.0,1.670355964830511,1308.5957171886005,718.8565884839207,56.64000000000001,25.92,288.137618813468,2700.0,154800,0.0,0.0,0.0,200.0,0.6939429105929453,-1.830152253641254,1.0,1.0,101325,0.62,-0.434580147830931,-0.40040314202434546,8.099008610703127,154569.36279201636,2.0053764746258276,243.82715891338322,250.34999999999997,255.34999999999997,254.60465687184072,1.1868238913561442,6.2,0,303.15,0,288.15,0,0.21182606979686847,0,298.17469532614047
155700,0.12116481876366392,0.0,1.8721756795179432,1383.0403210056659,681.5142094798197,56.64000000000001,25.92,288.1392988347077,2700.0,155700,0.0,0.0,0.0,199.6796875,0.6939429105929453,-1.830152253641254,1.0,1.0,101325,0.6270641447368421,-0.4842653655652662,-0.40038753567616864,8.164438435409252,155469.08746640242,2.055061692360163,243.7288305664826,250.35265624999997,255.24630681818178,254.52036368406982,1.1868238913561442,5.95,0,303.15,0,288.15,0,0.22036690321583283,0,298.3369711611008
156600,0.12514591707997477,0.0,2.056343315064711,1447.318628250734,648.5451161696259,56.64000000000001,25.92,288.1409193234031,2700.0,156600,0.0,0.0,0.0,199.4375,0.6939429105929453,-1.830152253641254,1.0,1.0,101325,0.6532236842105263,-0.5342109406197655,-0.4003719158407152,8.229868262523892,156368.81217390788,2.105007267414662,243.65670082286064,250.61486111111108,255.09999999999997,254.43234246166324,1.1868238913561442,5.4,0,303.15,0,288.15,0,0.22759521607573363,0,298.4743091054389
157500,0.12857716142440023,0.0,2.2252839801172652,1503.7173939418492,619.4371416083513,56.64000000000001,25.92,288.14207278702355,2700.0,157500,0.0,0.0,0.0,199.2265625,0.6939429105929453,-1.830152253641254,1.0,1.0,101325,0.6802713815789474,-0.5843462523048606,-0.4003562825187504,8.295298092049043,157268.53691456027,2.155142579099757,243.5888792702546,250.89463541666663,254.95369318181815,254.34484510127984,1.1868238913561442,4.85,0,303.15,0,288.15,0,0.23382683908964175,0,298.59270994270315
158400,0.13167159830979758,0.0,2.3860061466656655,1555.424046783773,593.7380993003616,56.64000000000001,25.92,288.142670989665,2700.0,158400,0.0,0.0,0.0,199.0,0.6939429105929453,-1.830152253641254,1.0,1.0,101325,0.6900000000000001,-0.634596807632906,-0.40034063571104,8.360727923986717,158168.26168838723,2.2053931344278026,243.50401818458403,250.95,254.84999999999997,254.2641970305764,1.1868238913561442,4.6,0,303.15,0,288.15,0,0.23944974209968822,0,298.69954509989407
159300,0.13459592643461607,0.0,2.5453809979203106,1604.9878039020446,571.0487588656446,56.64000000000001,25.92,288.1431097223052,2700.0,159300,0.0,0.0,0.0,198.75,0.6939429105929453,-1.830152253641254,1.0,1.0,101325,0.6687553879310345,-0.6848820063603429,-0.40032497541835055,8.426157758338912,159067.98649541623,2.2556783331552395,243.40224305290783,250.60931490384613,254.8350852272727,254.20964726367947,1.1868238913561442,4.678125,0,303.15,0,288.15,0,0.24476365798974606,0,298.80050950180515
160200,0.1373085109897338,0.0,2.699874873899603,1651.5384220344763,551.0166442138782,56.64000000000001,25.92,288.14358336511265,2700.0,160200,0.0,0.0,0.0,198.5,0.6939429105929453,-1.830152253641254,1.0,1.0,101325,0.6291810344827586,-0.7351122694387549,-0.4003093016414491,8.491587595107633,159967.71133567486,2.3059085962336514,243.29617256744336,250.0373397435897,254.87840909090906,254.17567378479356,1.1868238913561442,4.85,0,303.15,0,288.15,0,0.24969276002342855,0,298.89416244044514
161100,0.13988973778452196,0.0,2.852963613450692,1696.398793600504,533.3305590546538,56.64000000000001,25.92,288.14379904918053,2700.0,161100,0.0,0.0,0.0,198.25,0.6939429105929453,-1.830152253641254,1.0,1.0,101325,0.5925161637931035,-0.7851852607646306,-0.4002936143811035,8.557017434294886,160867.4362091907,2.355981587559527,243.184020495061,249.49669471153845,254.9075284090909,254.13330075135968,1.1868238913561442,5.021875,0,303.15,0,288.15,0,0.25438474895757474,0,298.9833102301939
162000,0.14245977552540706,0.0,3.011388214016066,1741.6300607713545,517.7157522293293,56.64000000000001,25.92,288.1437087512944,2700.0,162000,0.0,0.0,0.0,198.0,0.6939429105929453,-1.830152253641254,1.0,1.0,101325,0.58,-0.8349808103260785,-0.40027791363808196,8.622447275902676,161767.16111599127,2.405777137120975,243.06511310839315,249.24999999999997,254.84999999999997,254.05521171316516,1.1868238913561442,5.1,0,303.15,0,288.15,0,0.25905838459018365,0,299.07210930721345
162900,0.14505980745385594,0.0,3.177861809496237,1787.8871974325484,503.92964936649423,56.64000000000001,25.92,288.1437506095936,2700.0,162900,0.0,0.0,0.0,197.75,0.6939429105929453,-1.830152253641254,1.0,1.0,101325,0.6001280669761273,-0.8843539667596039,-0.4002621994131535,8.687877119933,162666.88605610412,2.4551502935545004,242.97560885020917,249.4111888111888,254.71230468749997,253.9633868667554,1.1868238913561442,5.1,0,303.15,0,288.15,0,0.26378511726630377,0,299.16191722805974
163800,0.14759578526531517,0.0,3.346341886628616,1833.4906717572314,491.7580846012027,56.64000000000001,25.92,288.14391855753826,2700.0,163800,0.0,0.0,0.0,197.5,0.6939429105929453,-1.830152253641254,1.0,1.0,101325,0.6362035809018568,-0.9331253437368887,-0.40024647170708777,8.753306966387866,163566.6110295568,2.5039216705317853,242.92464230178373,249.78368298368295,254.55781249999998,253.8844430415814,1.1868238913561442,5.1,0,303.15,0,288.15,0,0.26839487834318243,0,299.24950268852047
164700,0.15004969842545574,0.0,3.5152004885627868,1878.0874515854946,481.0119738821786,56.64000000000001,25.92,288.14413907285046,2700.0,164700,0.0,0.0,0.0,197.25,0.6939429105929453,-1.830152253641254,1.0,1.0,101325,0.6716773043766578,-0.9810675495959402,-0.40023073052065494,8.818736815269274,164466.33603637683,2.551863876390837,242.87167333163987,250.16433566433565,254.39941406249997,253.7990030780609,1.1868238913561442,5.1,0,303.15,0,288.15,0,0.2728550721566178,0,299.33424637097573
165600,0.15239546024556133,0.0,3.6820530185524083,1921.1451134534032,471.5243774198836,56.64000000000001,25.92,288.1444280541169,2700.0,165600,0.0,0.0,0.0,197.0,0.6939429105929453,-1.830152253641254,1.0,1.0,101325,0.6900000000000001,-1.0278859907962645,-0.400214975854626,8.884166666579228,165366.06107659175,2.598682317591161,242.7767971557771,250.34999999999997,254.24999999999997,253.6894285502703,1.1868238913561442,5.1,0,303.15,0,288.15,0,0.27711817658760735,0,299.41524535516453
166500,0.15461577165888857,0.0,3.8449383583483296,1962.2897025052719,463.1479063127309,56.64000000000001,25.92,288.1447254455778,2700.0,166500,0.0,0.0,0.0,196.603125,0.6939429105929453,-1.830152253641254,1.0,1.0,101325,0.6910907451923077,-1.0731917807900277,-0.4001992077097723,8.949596520319725,166265.78615022908,2.6439881075849243,242.6245299278517,250.27045454545453,254.11194957386363,253.55902633052318,1.1144836299635876,5.1,0,303.15,0,288.15,0,0.2811532216487885,0,299.49191121132696
167400,0.15670748595778028,0.0,4.002847473782339,2001.3861580152704,455.75243287674465,56.64000000000001,25.92,288.1450666605631,2700.0,167400,0.0,0.0,0.0,196.025,0.6939429105929453,-1.830152253641254,1.0,1.0,101325,0.6886778846153847,-1.116464179108415,-0.400183426086866,9.015026376492775,167165.51125731636,2.6872605059033114,242.44926343160688,250.07575757575756,253.98082386363635,253.42895230967522,0.9604643836461016,5.1,0,303.15,0,288.15,0,0.284954051717683,0,299.56412698263597
168300,0.15858870088500412,0.0,4.148594654036724,2036.7765094521799,449.22306907503264,56.64000000000001,25.92,288.1456650221401,2700.0,168300,0.0,0.0,0.0,195.434375,0.6939429105929453,-1.830152253641254,1.0,1.0,101325,0.6869260817307692,-1.1570009238979275,-0.40016763098667996,9.080456235100373,168065.2363978811,2.727797250692824,242.2862514652704,249.8931818181818,253.85928622159088,253.30928371158836,0.8192684591939632,5.1,0,303.15,0,288.15,0,0.28837095800829926,0,299.62904820215766
169200,0.16040206978563604,0.0,4.292456053139448,2071.2741326205155,443.45838190675516,56.64000000000001,25.92,288.1456041735788,2700.0,169200,0.0,0.0,0.0,195.0,0.6939429105929453,-1.830152253641254,1.0,1.0,101325,0.6900000000000001,-1.1938595695634815,-0.4001518224099873,9.14588609614452,168964.96157195081,2.764655896358378,242.17082877672536,249.84999999999997,253.74999999999997,253.20982695287933,0.7853981633974483,5.1,0,303.15,0,288.15,0,0.29166831791914655,0,299.69169804046373
170100,0.1620285891697698,0.0,4.4243287600447365,2102.2392558692077,438.3688174052489,56.64000000000001,25.92,288.14648100664124,2700.0,170100,0.0,0.0,0.0,195.14375,0.6939429105929453,-1.830152253641254,1.0,1.0,101325,0.6998046875,-1.2258067320258443,-0.40013600035756225,9.21131595962722,169864.68677955298,2.796603058820741,242.24634096614068,250.06704545454542,253.77059659090907,253.24676329072972,0.9136031456497131,5.1,0,303.15,0,288.15,0,0.29461914753761953,0,299.74776380321475
171000,0.16324919685036413,0.0,4.525062427845692,2125.5744480910557,433.8753095549815,56.64000000000001,25.92,288.14730055923843,2700.0,171000,0.0,0.0,0.0,195.85,0.6939429105929453,-1.830152253641254,1.0,1.0,101325,0.7126041666666667,-1.2513212188636205,-0.4001201648301793,9.276745825550467,170764.41202071516,2.822117545658517,242.5153096307544,250.45151515151514,253.94886363636363,253.44075230164492,1.141434675558553,5.1,0,303.15,0,288.15,0,0.29683363142805924,0,299.7898389971331
171900,0.16429134457635308,0.0,4.612275309632386,2145.696154370103,429.90805219170215,56.64000000000001,25.92,288.1474846883323,2700.0,171900,0.0,0.0,0.0,196.63125,0.6939429105929453,-1.830152253641254,1.0,1.0,101325,0.7241015625,-1.2687343136091096,-0.4001043158286138,9.34217569391627,171664.13729546484,2.839530640404006,242.80197435988762,250.81022727272725,254.15269886363635,253.65756537160254,1.3875974902362025,5.1,0,303.15,0,288.15,0,0.2987278218982598,0,299.82582861606693
172800,0.16543241012720786,0.0,4.7090461239574575,2167.973431435455,426.4054143606615,56.64000000000001,25.92,288.14700906852045,2700.0,172800,0.0,0.0,0.0,197.0,0.6939429105929453,-1.830152253641254,1.0,1.0,101325,0.73,-1.2765816685660907,-0.4000884533536414,9.407605564726621,172563.86260382948,2.8473779953609872,242.93073032540903,250.95,254.24999999999997,253.76199403168044,1.5707963267948966,5.1,0,303.15,0,288.15,0,0.30080600246961897,0,299.8653140469227
